sample_id,location_id,location_name,origin_year,target_year,horizon,sdi_quintile_2023_assignment_only,partition,outcome,family,config_id,selected_by_cv,reference_transparent_by_cv,observed,prediction,lower_90,upper_90,lower_95,upper_95,abs_log_error
loc6_o2014_h5,6,China,2014,2019,5,Q3,test_temporal_seen_country,daly,extra_trees,94a0f9db0d5a,True,False,10.93720428,11.72671876,10.25980998,13.38473391,9.825516081,13.96181514,0.06404368984
loc6_o2015_h5,6,China,2015,2020,5,Q3,test_temporal_seen_country,daly,extra_trees,94a0f9db0d5a,True,False,10.70967524,12.56664981,11.00292878,14.33408974,10.5399726,14.94925686,0.147199118
loc6_o2016_h5,6,China,2016,2021,5,Q3,test_temporal_seen_country,daly,extra_trees,94a0f9db0d5a,True,False,11.56443168,13.48213517,11.81289335,15.36884297,11.31869661,16.02552192,0.142045893
loc6_o2017_h5,6,China,2017,2022,5,Q3,test_temporal_seen_country,daly,extra_trees,94a0f9db0d5a,True,False,12.78109064,13.73515837,12.03675255,15.6548296,11.53392151,16.32298166,0.06693895535
loc6_o2018_h5,6,China,2018,2023,5,Q3,test_temporal_seen_country,daly,extra_trees,94a0f9db0d5a,True,False,13.06241831,13.78678876,12.08243191,15.7131863,11.577839,16.38367949,0.05022825985
loc8_o2014_h5,8,Taiwan,2014,2019,5,Q5,test_temporal_seen_country,daly,extra_trees,94a0f9db0d5a,True,False,16.59267138,14.8367026,13.01133044,16.89988112,12.47090966,17.61798168,0.1051522207
loc8_o2015_h5,8,Taiwan,2015,2020,5,Q5,test_temporal_seen_country,daly,extra_trees,94a0f9db0d5a,True,False,16.6923556,14.66042087,12.85536732,16.70063371,12.32096208,17.41074093,0.1219960934
loc8_o2016_h5,8,Taiwan,2016,2021,5,Q5,test_temporal_seen_country,daly,extra_trees,94a0f9db0d5a,True,False,17.40249441,15.28753511,13.41019903,17.40944732,12.85439378,18.14799046,0.1220861232
loc8_o2017_h5,8,Taiwan,2017,2022,5,Q5,test_temporal_seen_country,daly,extra_trees,94a0f9db0d5a,True,False,17.95741612,16.376148,14.37333607,18.63988283,13.78038237,19.42778811,0.08709674592
loc8_o2018_h5,8,Taiwan,2018,2023,5,Q5,test_temporal_seen_country,daly,extra_trees,94a0f9db0d5a,True,False,19.37277661,17.07492368,14.99156938,19.42969382,14.37477025,20.24928443,0.1196739837
loc10_o2014_h5,10,Cambodia,2014,2019,5,Q1,test_temporal_seen_country,daly,extra_trees,94a0f9db0d5a,True,False,4.715823804,4.789349737,4.122056923,5.543576316,3.924497811,5.806088998,0.01278154279
loc10_o2015_h5,10,Cambodia,2015,2020,5,Q1,test_temporal_seen_country,daly,extra_trees,94a0f9db0d5a,True,False,4.861769434,4.924654042,4.241765765,5.696507835,4.039589451,5.965155764,0.01067078656
loc10_o2016_h5,10,Cambodia,2016,2021,5,Q1,test_temporal_seen_country,daly,extra_trees,94a0f9db0d5a,True,False,4.656950946,5.141587316,4.433694847,5.941702804,4.224115776,6.220187372,0.08219818435
loc10_o2017_h5,10,Cambodia,2017,2022,5,Q1,test_temporal_seen_country,daly,extra_trees,94a0f9db0d5a,True,False,5.012893038,5.253727886,4.532909855,6.068452856,4.319504035,6.352022333,0.03927174427
loc10_o2018_h5,10,Cambodia,2018,2023,5,Q1,test_temporal_seen_country,daly,extra_trees,94a0f9db0d5a,True,False,5.78392813,5.555760685,4.80012971,6.409833972,4.576417148,6.707098846,0.03421214728
loc11_o2014_h5,11,Indonesia,2014,2019,5,Q3,test_temporal_seen_country,daly,extra_trees,94a0f9db0d5a,True,False,6.663348024,6.618638158,5.740497655,7.611181304,5.480514849,7.956641368,0.005851332725
loc11_o2015_h5,11,Indonesia,2015,2020,5,Q3,test_temporal_seen_country,daly,extra_trees,94a0f9db0d5a,True,False,7.097713023,6.698730344,5.811358245,7.701707763,5.548642327,8.050799533,0.05052625403
loc11_o2016_h5,11,Indonesia,2016,2021,5,Q3,test_temporal_seen_country,daly,extra_trees,94a0f9db0d5a,True,False,7.961221086,6.867385831,5.96057414,7.892335398,5.692102925,8.249074695,0.1301806612
loc11_o2017_h5,11,Indonesia,2017,2022,5,Q3,test_temporal_seen_country,daly,extra_trees,94a0f9db0d5a,True,False,7.380856867,7.11655891,6.181026998,8.173970319,5.904052857,8.542008137,0.03204387589
loc11_o2018_h5,11,Indonesia,2018,2023,5,Q3,test_temporal_seen_country,daly,extra_trees,94a0f9db0d5a,True,False,7.934092096,7.318394418,6.359598514,8.402100612,6.075736822,8.779290474,0.07140527376
loc12_o2014_h5,12,Lao People's Democratic Republic,2014,2019,5,Q2,test_temporal_seen_country,daly,extra_trees,94a0f9db0d5a,True,False,7.186931861,7.27943587,6.325130412,8.358066611,6.042598163,8.733489934,0.01123562698
loc12_o2015_h5,12,Lao People's Democratic Republic,2015,2020,5,Q2,test_temporal_seen_country,daly,extra_trees,94a0f9db0d5a,True,False,7.51758596,7.682751327,6.681958868,8.813925316,6.38566365,9.207636603,0.01920548893
loc12_o2016_h5,12,Lao People's Democratic Republic,2016,2021,5,Q2,test_temporal_seen_country,daly,extra_trees,94a0f9db0d5a,True,False,7.63013203,7.911806291,6.884612467,9.072821168,6.580500845,9.476918739,0.03211714322
loc12_o2017_h5,12,Lao People's Democratic Republic,2017,2022,5,Q2,test_temporal_seen_country,daly,extra_trees,94a0f9db0d5a,True,False,8.530497566,8.212833506,7.150942643,9.413065694,6.836558595,9.830813065,0.03389946841
loc12_o2018_h5,12,Lao People's Democratic Republic,2018,2023,5,Q2,test_temporal_seen_country,daly,extra_trees,94a0f9db0d5a,True,False,9.176716862,8.319735382,7.245522781,9.533894564,6.927490751,9.956489301,0.08796821462
loc13_o2014_h5,13,Malaysia,2014,2019,5,Q4,test_temporal_seen_country,daly,extra_trees,94a0f9db0d5a,True,False,20.17326767,19.71443205,17.32684237,22.41307281,16.61997114,23.35234948,0.02190876922
loc13_o2015_h5,13,Malaysia,2015,2020,5,Q4,test_temporal_seen_country,daly,extra_trees,94a0f9db0d5a,True,False,20.37183892,19.83222931,17.43106208,22.54621651,16.72017106,23.49083458,0.02557284364
loc13_o2016_h5,13,Malaysia,2016,2021,5,Q4,test_temporal_seen_country,daly,extra_trees,94a0f9db0d5a,True,False,21.50251376,19.99768127,17.57744369,22.73322327,16.8609067,23.68534361,0.06921500954
loc13_o2017_h5,13,Malaysia,2017,2022,5,Q4,test_temporal_seen_country,daly,extra_trees,94a0f9db0d5a,True,False,23.90680633,20.03296089,17.6086569,22.77309905,16.89091601,23.72681911,0.1690503391
loc13_o2018_h5,13,Malaysia,2018,2023,5,Q4,test_temporal_seen_country,daly,extra_trees,94a0f9db0d5a,True,False,24.42435253,19.9821731,17.56372302,22.71569471,16.84771523,23.66711185,0.1920342986
loc14_o2014_h5,14,Maldives,2014,2019,5,Q3,test_temporal_seen_country,daly,extra_trees,94a0f9db0d5a,True,False,11.77530497,11.75013527,10.28052745,13.41120108,9.845434474,13.98934411,0.001972127487
loc14_o2015_h5,14,Maldives,2015,2020,5,Q3,test_temporal_seen_country,daly,extra_trees,94a0f9db0d5a,True,False,11.73254067,11.84026648,10.36026995,13.51307443,9.922101283,14.09530438,0.008425077752
loc14_o2016_h5,14,Maldives,2016,2021,5,Q3,test_temporal_seen_country,daly,extra_trees,94a0f9db0d5a,True,False,11.2867559,11.86866634,10.38539638,13.54517417,9.946258579,14.12869189,0.04627346447
loc14_o2017_h5,14,Maldives,2017,2022,5,Q3,test_temporal_seen_country,daly,extra_trees,94a0f9db0d5a,True,False,12.2764295,12.24245652,10.7161027,13.9676611,10.26420947,14.56812798,0.002562173672
loc14_o2018_h5,14,Maldives,2018,2023,5,Q3,test_temporal_seen_country,daly,extra_trees,94a0f9db0d5a,True,False,13.22268295,12.66594512,11.09077911,14.44632108,10.62443451,15.06599065,0.0399311003
loc15_o2014_h5,15,Myanmar,2014,2019,5,Q2,test_temporal_seen_country,daly,extra_trees,94a0f9db0d5a,True,False,5.613350752,5.667583838,4.899063887,6.536225254,4.671535407,6.838560644,0.008167103989
loc15_o2015_h5,15,Myanmar,2015,2020,5,Q2,test_temporal_seen_country,daly,extra_trees,94a0f9db0d5a,True,False,5.976608883,5.834092263,5.046380195,6.724426111,4.813169686,7.034311672,0.02063931119
loc15_o2016_h5,15,Myanmar,2016,2021,5,Q2,test_temporal_seen_country,daly,extra_trees,94a0f9db0d5a,True,False,6.802145423,5.951234516,5.150020382,6.856829457,4.912812443,7.172026724,0.1154794781
loc15_o2017_h5,15,Myanmar,2017,2022,5,Q2,test_temporal_seen_country,daly,extra_trees,94a0f9db0d5a,True,False,6.670502026,6.129200527,5.30747365,7.057980575,5.064192697,7.381247545,0.0731829664
loc15_o2018_h5,15,Myanmar,2018,2023,5,Q2,test_temporal_seen_country,daly,extra_trees,94a0f9db0d5a,True,False,7.128959698,6.278878311,5.439899254,7.227158125,5.191510609,7.557212096,0.1104561847
loc16_o2014_h5,16,Philippines,2014,2019,5,Q3,test_temporal_seen_country,daly,extra_trees,94a0f9db0d5a,True,False,9.699633381,9.95753816,8.694548913,11.38506749,8.320627556,11.88192687,0.02381815836
loc16_o2015_h5,16,Philippines,2015,2020,5,Q3,test_temporal_seen_country,daly,extra_trees,94a0f9db0d5a,True,False,9.077796975,10.21044009,8.918300827,11.67091705,8.535749299,12.17924403,0.1065108104
loc16_o2016_h5,16,Philippines,2016,2021,5,Q3,test_temporal_seen_country,daly,extra_trees,94a0f9db0d5a,True,False,9.886361699,10.42662188,9.109565041,11.91526263,8.7196364,12.43339218,0.04843509992
loc16_o2017_h5,16,Philippines,2017,2022,5,Q3,test_temporal_seen_country,daly,extra_trees,94a0f9db0d5a,True,False,9.688993262,10.54837458,9.217284269,12.05287707,8.823200869,12.57652738,0.07733015347
loc16_o2018_h5,16,Philippines,2018,2023,5,Q3,test_temporal_seen_country,daly,extra_trees,94a0f9db0d5a,True,False,9.750517388,10.6977613,9.34945235,12.22172563,8.950271191,12.75214974,0.08444359872
loc18_o2014_h5,18,Thailand,2014,2019,5,Q3,test_temporal_seen_country,daly,extra_trees,94a0f9db0d5a,True,False,23.65266661,22.95272552,20.19188323,26.07324562,19.3745066,27.15935969,0.02880295586
loc18_o2015_h5,18,Thailand,2015,2020,5,Q3,test_temporal_seen_country,daly,extra_trees,94a0f9db0d5a,True,False,24.33536733,23.47061903,20.65008323,26.65860942,19.8150337,27.76820689,0.03472816295
loc18_o2016_h5,18,Thailand,2016,2021,5,Q3,test_temporal_seen_country,daly,extra_trees,94a0f9db0d5a,True,False,25.92520924,24.0103483,21.12760215,27.26865369,20.27413459,28.40272469,0.07377332265
loc18_o2017_h5,18,Thailand,2017,2022,5,Q3,test_temporal_seen_country,daly,extra_trees,94a0f9db0d5a,True,False,27.63340005,23.49339752,20.67023622,26.68435545,19.83440939,27.79498579,0.1561702779
loc18_o2018_h5,18,Thailand,2018,2023,5,Q3,test_temporal_seen_country,daly,extra_trees,94a0f9db0d5a,True,False,28.23541803,23.24535455,20.45078321,26.40399786,19.62342074,27.50338092,0.1871558865
loc20_o2014_h5,20,Viet Nam,2014,2019,5,Q2,test_temporal_seen_country,daly,extra_trees,94a0f9db0d5a,True,False,4.81432033,4.895248624,4.215749679,5.66327153,4.014576812,5.930586098,0.01382281166
loc20_o2015_h5,20,Viet Nam,2015,2020,5,Q2,test_temporal_seen_country,daly,extra_trees,94a0f9db0d5a,True,False,4.965406328,5.059352827,4.360938881,5.848754947,4.154166027,6.123510668,0.01562582814
loc20_o2016_h5,20,Viet Nam,2016,2021,5,Q2,test_temporal_seen_country,daly,extra_trees,94a0f9db0d5a,True,False,4.944269107,5.319354044,4.590971803,6.142628678,4.375326518,6.429173913,0.06118941457
loc20_o2017_h5,20,Viet Nam,2017,2022,5,Q2,test_temporal_seen_country,daly,extra_trees,94a0f9db0d5a,True,False,5.309038424,5.414559817,4.675203955,6.250237696,4.456309813,6.541099948,0.01658710234
loc20_o2018_h5,20,Viet Nam,2018,2023,5,Q2,test_temporal_seen_country,daly,extra_trees,94a0f9db0d5a,True,False,6.041377422,5.66545955,4.897184449,6.533824217,4.66972846,6.836063284,0.05486490664
loc22_o2014_h5,22,Fiji,2014,2019,5,Q3,test_temporal_seen_country,daly,extra_trees,94a0f9db0d5a,True,False,32.05357603,31.27841412,27.55793518,35.48359069,26.45644795,36.94722537,0.02373104791
loc22_o2015_h5,22,Fiji,2015,2020,5,Q3,test_temporal_seen_country,daly,extra_trees,94a0f9db0d5a,True,False,32.61168848,31.34989028,27.62117285,35.56437865,26.51724652,37.03125435,0.03826324839
loc22_o2016_h5,22,Fiji,2016,2021,5,Q3,test_temporal_seen_country,daly,extra_trees,94a0f9db0d5a,True,False,33.49841204,31.22028919,27.50650986,35.41789335,26.40700611,36.8788924,0.06831694208
loc22_o2017_h5,22,Fiji,2017,2022,5,Q3,test_temporal_seen_country,daly,extra_trees,94a0f9db0d5a,True,False,35.7470873,31.24327121,27.52684292,35.44386942,26.42655492,36.90591058,0.1307495885
loc22_o2018_h5,22,Fiji,2018,2023,5,Q3,test_temporal_seen_country,daly,extra_trees,94a0f9db0d5a,True,False,37.96446381,31.34576461,27.61752271,35.55971548,26.51373717,37.02640411,0.1861669581
loc25_o2014_h5,25,Micronesia (Federated States of),2014,2019,5,Q2,test_temporal_seen_country,daly,extra_trees,94a0f9db0d5a,True,False,22.72310632,22.71783302,19.98406493,25.80775172,19.17470391,26.88321481,0.0002223102618
loc25_o2015_h5,25,Micronesia (Federated States of),2015,2020,5,Q2,test_temporal_seen_country,daly,extra_trees,94a0f9db0d5a,True,False,23.15874833,23.03530532,20.2649447,26.16658377,19.44475007,27.25644235,0.005122760038
loc25_o2016_h5,25,Micronesia (Federated States of),2016,2021,5,Q2,test_temporal_seen_country,daly,extra_trees,94a0f9db0d5a,True,False,25.52500272,22.64413271,19.91885949,25.72444987,19.11201345,26.79657109,0.1149727912
loc25_o2017_h5,25,Micronesia (Federated States of),2017,2022,5,Q2,test_temporal_seen_country,daly,extra_trees,94a0f9db0d5a,True,False,23.0701352,22.53042481,19.8182578,25.5959283,19.015292,26.66289354,0.02267761196
loc25_o2018_h5,25,Micronesia (Federated States of),2018,2023,5,Q2,test_temporal_seen_country,daly,extra_trees,94a0f9db0d5a,True,False,24.11839328,21.93137261,19.28825364,24.9188326,18.50573024,25.95863438,0.09109442165
loc26_o2014_h5,26,Papua New Guinea,2014,2019,5,Q1,test_temporal_seen_country,daly,extra_trees,94a0f9db0d5a,True,False,22.36435355,21.45899465,18.87032297,24.38491405,18.10391927,25.40329628,0.03952032181
loc26_o2015_h5,26,Papua New Guinea,2015,2020,5,Q1,test_temporal_seen_country,daly,extra_trees,94a0f9db0d5a,True,False,22.1467176,21.67399243,19.06053965,24.62792138,18.28679924,25.65605249,0.0206344223
loc26_o2016_h5,26,Papua New Guinea,2016,2021,5,Q1,test_temporal_seen_country,daly,extra_trees,94a0f9db0d5a,True,False,22.34656983,21.36742193,18.78930512,24.2814114,18.0260263,25.29564135,0.04284454851
loc26_o2017_h5,26,Papua New Guinea,2017,2022,5,Q1,test_temporal_seen_country,daly,extra_trees,94a0f9db0d5a,True,False,25.22565417,21.32362975,18.75056052,24.23191405,17.98877609,25.24415828,0.1610923508
loc26_o2018_h5,26,Papua New Guinea,2018,2023,5,Q1,test_temporal_seen_country,daly,extra_trees,94a0f9db0d5a,True,False,27.57703346,21.27659418,18.70894636,24.17875076,17.94876701,25.18886221,0.2490668304
loc28_o2014_h5,28,Solomon Islands,2014,2019,5,Q1,test_temporal_seen_country,daly,extra_trees,94a0f9db0d5a,True,False,41.56741735,41.81987195,36.88436207,47.39837161,35.42315205,49.3399989,0.005913183006
loc28_o2015_h5,28,Solomon Islands,2015,2020,5,Q1,test_temporal_seen_country,daly,extra_trees,94a0f9db0d5a,True,False,42.70981232,41.45494526,36.56149761,46.9859029,35.11274055,48.91098292,0.02912921303
loc28_o2016_h5,28,Solomon Islands,2016,2021,5,Q1,test_temporal_seen_country,daly,extra_trees,94a0f9db0d5a,True,False,43.90683354,40.26606392,35.50964928,45.64213614,34.10146229,47.51330744,0.08454951233
loc28_o2017_h5,28,Solomon Islands,2017,2022,5,Q1,test_temporal_seen_country,daly,extra_trees,94a0f9db0d5a,True,False,47.04064306,40.15309586,35.40970215,45.51445079,34.00537016,47.38049966,0.1547482252
loc28_o2018_h5,28,Solomon Islands,2018,2023,5,Q1,test_temporal_seen_country,daly,extra_trees,94a0f9db0d5a,True,False,51.07537018,39.00011129,34.38961305,44.21125736,33.02462616,46.02502522,0.2638098592
loc29_o2014_h5,29,Tonga,2014,2019,5,Q2,test_temporal_seen_country,daly,extra_trees,94a0f9db0d5a,True,False,179.5162667,177.7922433,157.1842676,201.0849909,151.0830578,209.192159,0.009596414226
loc29_o2015_h5,29,Tonga,2015,2020,5,Q2,test_temporal_seen_country,daly,extra_trees,94a0f9db0d5a,True,False,186.7673071,176.0813354,155.6705626,199.1511889,149.6277369,207.1807774,0.05859431873
loc29_o2016_h5,29,Tonga,2016,2021,5,Q2,test_temporal_seen_country,daly,extra_trees,94a0f9db0d5a,True,False,211.9579093,173.748636,153.6067351,196.5145894,147.6435118,204.4384038,0.1977459615
loc29_o2017_h5,29,Tonga,2017,2022,5,Q2,test_temporal_seen_country,daly,extra_trees,94a0f9db0d5a,True,False,205.3260189,171.0699682,151.2368162,193.4869493,145.3650013,201.289302,0.1815563481
loc29_o2018_h5,29,Tonga,2018,2023,5,Q2,test_temporal_seen_country,daly,extra_trees,94a0f9db0d5a,True,False,211.7540027,170.1903231,150.4585609,192.4927055,144.6167635,200.2551716,0.2173606435
loc34_o2014_h5,34,Azerbaijan,2014,2019,5,Q3,test_temporal_seen_country,daly,extra_trees,94a0f9db0d5a,True,False,31.64718622,29.97399446,26.40386571,34.00923347,25.34689125,35.41372045,0.05261070801
loc34_o2015_h5,34,Azerbaijan,2015,2020,5,Q3,test_temporal_seen_country,daly,extra_trees,94a0f9db0d5a,True,False,34.06611898,29.38801815,25.88543029,33.34691717,24.84845202,34.7248336,0.1431870021
loc34_o2016_h5,34,Azerbaijan,2016,2021,5,Q3,test_temporal_seen_country,daly,extra_trees,94a0f9db0d5a,True,False,32.67156384,29.35660198,25.85763521,33.31140815,24.821729,34.68790005,0.103639656
loc34_o2017_h5,34,Azerbaijan,2017,2022,5,Q3,test_temporal_seen_country,daly,extra_trees,94a0f9db0d5a,True,False,28.746338,29.42084915,25.91447712,33.38402534,24.8763785,34.76343046,0.02242216859
loc34_o2018_h5,34,Azerbaijan,2018,2023,5,Q3,test_temporal_seen_country,daly,extra_trees,94a0f9db0d5a,True,False,30.56479003,29.0210315,25.5607433,32.93212012,24.53628829,34.29339589,0.05014407393
loc36_o2014_h5,36,Kazakhstan,2014,2019,5,Q3,test_temporal_seen_country,daly,extra_trees,94a0f9db0d5a,True,False,16.46200994,18.60940188,16.34918035,21.16408121,15.6800178,22.05325131,0.1159814787
loc36_o2015_h5,36,Kazakhstan,2015,2020,5,Q3,test_temporal_seen_country,daly,extra_trees,94a0f9db0d5a,True,False,17.23116877,19.28393197,16.94596266,21.92648793,16.25378206,22.84624397,0.1066963453
loc36_o2016_h5,36,Kazakhstan,2016,2021,5,Q3,test_temporal_seen_country,daly,extra_trees,94a0f9db0d5a,True,False,16.8662241,17.68883817,15.53472278,20.12358804,14.89697408,20.97101603,0.04501444785
loc36_o2017_h5,36,Kazakhstan,2017,2022,5,Q3,test_temporal_seen_country,daly,extra_trees,94a0f9db0d5a,True,False,14.81606995,18.19967163,15.98667648,20.70097201,15.33149581,21.57156327,0.193866668
loc36_o2018_h5,36,Kazakhstan,2018,2023,5,Q3,test_temporal_seen_country,daly,extra_trees,94a0f9db0d5a,True,False,15.69523225,15.76688304,13.83429629,17.95124387,13.2621335,18.7115226,0.004282508496
loc37_o2014_h5,37,Kyrgyzstan,2014,2019,5,Q2,test_temporal_seen_country,daly,extra_trees,94a0f9db0d5a,True,False,12.83496692,10.80736864,9.446426118,12.34561243,9.043504655,12.88100658,0.1584754243
loc37_o2015_h5,37,Kyrgyzstan,2015,2020,5,Q2,test_temporal_seen_country,daly,extra_trees,94a0f9db0d5a,True,False,11.3623725,10.7789341,9.421269,12.31347348,9.019317854,12.8475783,0.04834469382
loc37_o2016_h5,37,Kyrgyzstan,2016,2021,5,Q2,test_temporal_seen_country,daly,extra_trees,94a0f9db0d5a,True,False,11.92345966,10.49921824,9.173793794,11.99731672,8.781387833,12.51873809,0.1167651836
loc37_o2017_h5,37,Kyrgyzstan,2017,2022,5,Q2,test_temporal_seen_country,daly,extra_trees,94a0f9db0d5a,True,False,12.0845152,10.74779369,9.393717905,12.27827616,8.992829412,12.81096894,0.1077640328
loc37_o2018_h5,37,Kyrgyzstan,2018,2023,5,Q2,test_temporal_seen_country,daly,extra_trees,94a0f9db0d5a,True,False,13.49598084,11.95823974,10.46464535,13.64641704,10.0224509,14.23399638,0.1121395685
loc39_o2014_h5,39,Tajikistan,2014,2019,5,Q2,test_temporal_seen_country,daly,extra_trees,94a0f9db0d5a,True,False,21.49728712,19.75739724,17.36485531,22.46163544,16.65651791,23.40286032,0.08049205298
loc39_o2015_h5,39,Tajikistan,2015,2020,5,Q2,test_temporal_seen_country,daly,extra_trees,94a0f9db0d5a,True,False,19.83485593,19.51478974,17.15021126,22.18742145,16.45015274,23.11764552,0.01548127355
loc39_o2016_h5,39,Tajikistan,2016,2021,5,Q2,test_temporal_seen_country,daly,extra_trees,94a0f9db0d5a,True,False,21.15555507,20.12591848,17.6909,22.87816699,16.96998696,23.83610213,0.04758760776
loc39_o2017_h5,39,Tajikistan,2017,2022,5,Q2,test_temporal_seen_country,daly,extra_trees,94a0f9db0d5a,True,False,25.07092393,20.6949778,18.19436833,23.52136239,17.45403639,24.50510099,0.1837398719
loc39_o2018_h5,39,Tajikistan,2018,2023,5,Q2,test_temporal_seen_country,daly,extra_trees,94a0f9db0d5a,True,False,26.65183859,20.66554799,18.16833067,23.48809852,17.429003,24.47050265,0.2439688721
loc41_o2014_h5,41,Uzbekistan,2014,2019,5,Q2,test_temporal_seen_country,daly,extra_trees,94a0f9db0d5a,True,False,24.35823503,24.9903721,21.99466631,28.37635332,21.10775585,29.55486258,0.0246226352
loc41_o2015_h5,41,Uzbekistan,2015,2020,5,Q2,test_temporal_seen_country,daly,extra_trees,94a0f9db0d5a,True,False,23.59341511,24.99137451,21.99555318,28.37748632,21.10860852,29.55604103,0.05528600482
loc41_o2016_h5,41,Uzbekistan,2016,2021,5,Q2,test_temporal_seen_country,daly,extra_trees,94a0f9db0d5a,True,False,22.52221356,25.00159782,22.00459813,28.3890415,21.1173046,29.56805978,0.1002127583
loc41_o2017_h5,41,Uzbekistan,2017,2022,5,Q2,test_temporal_seen_country,daly,extra_trees,94a0f9db0d5a,True,False,23.56301219,25.42347948,22.37785281,28.86588518,21.47616275,30.0640333,0.07301124727
loc41_o2018_h5,41,Uzbekistan,2018,2023,5,Q2,test_temporal_seen_country,daly,extra_trees,94a0f9db0d5a,True,False,24.66496146,25.33269107,22.29752886,28.76326901,21.39893692,29.95730041,0.02568447934
loc43_o2014_h5,43,Albania,2014,2019,5,Q3,test_temporal_seen_country,daly,extra_trees,94a0f9db0d5a,True,False,21.40443788,19.87716373,17.47081726,22.59700491,16.75839287,23.54366049,0.0706031415
loc43_o2015_h5,43,Albania,2015,2020,5,Q3,test_temporal_seen_country,daly,extra_trees,94a0f9db0d5a,True,False,21.54330602,20.41512436,17.9467714,23.20505013,17.21598933,24.17609903,0.05134075311
loc43_o2016_h5,43,Albania,2016,2021,5,Q3,test_temporal_seen_country,daly,extra_trees,94a0f9db0d5a,True,False,22.57829174,20.82410455,18.30861166,23.66731156,17.56387332,24.65690529,0.07731137476
loc43_o2017_h5,43,Albania,2017,2022,5,Q3,test_temporal_seen_country,daly,extra_trees,94a0f9db0d5a,True,False,22.73937915,21.52723413,18.93069702,24.46204366,18.16196468,25.48352015,0.05241025361
loc43_o2018_h5,43,Albania,2018,2023,5,Q3,test_temporal_seen_country,daly,extra_trees,94a0f9db0d5a,True,False,21.32556548,21.60230482,18.9971149,24.54689442,18.2258208,25.57177492,0.01231942813
loc45_o2014_h5,45,Bulgaria,2014,2019,5,Q4,test_temporal_seen_country,daly,extra_trees,94a0f9db0d5a,True,False,10.8867079,12.04537117,10.54173383,13.7448998,10.09656605,14.33643003,0.09301257798
loc45_o2015_h5,45,Bulgaria,2015,2020,5,Q4,test_temporal_seen_country,daly,extra_trees,94a0f9db0d5a,True,False,10.9190154,12.32335838,10.78767964,14.05910271,10.33302567,14.66323801,0.1113837062
loc45_o2016_h5,45,Bulgaria,2016,2021,5,Q4,test_temporal_seen_country,daly,extra_trees,94a0f9db0d5a,True,False,10.8538978,12.58560569,11.01969977,14.35551516,10.55609672,14.97154182,0.1363540859
loc45_o2017_h5,45,Bulgaria,2017,2022,5,Q4,test_temporal_seen_country,daly,extra_trees,94a0f9db0d5a,True,False,10.47118967,12.37196541,10.83068412,14.11404218,10.37437145,14.72038152,0.1533217359
loc45_o2018_h5,45,Bulgaria,2018,2023,5,Q4,test_temporal_seen_country,daly,extra_trees,94a0f9db0d5a,True,False,10.36557209,12.15274232,10.63672915,13.86625909,10.18789738,14.46265796,0.146041484
loc46_o2014_h5,46,Croatia,2014,2019,5,Q4,test_temporal_seen_country,daly,extra_trees,94a0f9db0d5a,True,False,12.76670762,13.67523579,11.98373678,15.5871004,11.48295056,16.25253533,0.06390824724
loc46_o2015_h5,46,Croatia,2015,2020,5,Q4,test_temporal_seen_country,daly,extra_trees,94a0f9db0d5a,True,False,12.2646922,13.78332821,12.07937023,15.70927492,11.57489541,16.37961119,0.1083942902
loc46_o2016_h5,46,Croatia,2016,2021,5,Q4,test_temporal_seen_country,daly,extra_trees,94a0f9db0d5a,True,False,12.14966427,15.05652896,13.20581915,17.14834608,12.65789688,17.87641446,0.199719328
loc46_o2017_h5,46,Croatia,2017,2022,5,Q4,test_temporal_seen_country,daly,extra_trees,94a0f9db0d5a,True,False,12.41388071,14.66947448,12.86337739,16.71086681,12.3286632,17.42138456,0.1554244744
loc46_o2018_h5,46,Croatia,2018,2023,5,Q4,test_temporal_seen_country,daly,extra_trees,94a0f9db0d5a,True,False,12.30003769,14.57323397,12.77822977,16.60208825,12.24679975,17.30824207,0.157786801
loc47_o2014_h5,47,Czechia,2014,2019,5,Q5,test_temporal_seen_country,daly,extra_trees,94a0f9db0d5a,True,False,11.99881948,11.80760369,10.33137194,13.47615639,9.894317877,14.05690527,0.01481951165
loc47_o2015_h5,47,Czechia,2015,2020,5,Q5,test_temporal_seen_country,daly,extra_trees,94a0f9db0d5a,True,False,11.93963919,11.52764747,10.08368407,13.15972795,9.656183398,13.72778248,0.03235740607
loc47_o2016_h5,47,Czechia,2016,2021,5,Q5,test_temporal_seen_country,daly,extra_trees,94a0f9db0d5a,True,False,11.69940096,12.2020933,10.68039184,13.92203943,10.22987598,14.52067608,0.03882057624
loc47_o2017_h5,47,Czechia,2017,2022,5,Q5,test_temporal_seen_country,daly,extra_trees,94a0f9db0d5a,True,False,11.39420792,14.67873767,12.87157288,16.72133679,12.33654259,17.43227457,0.2350762454
loc47_o2018_h5,47,Czechia,2018,2023,5,Q5,test_temporal_seen_country,daly,extra_trees,94a0f9db0d5a,True,False,11.03194835,14.94962514,13.11123729,17.02751502,12.56696307,17.75073594,0.2818698522
loc48_o2014_h5,48,Hungary,2014,2019,5,Q4,test_temporal_seen_country,daly,extra_trees,94a0f9db0d5a,True,False,8.825555801,9.627733074,8.402757866,11.01229596,8.040090968,11.49420063,0.07848018602
loc48_o2015_h5,48,Hungary,2015,2020,5,Q4,test_temporal_seen_country,daly,extra_trees,94a0f9db0d5a,True,False,8.499835395,9.743571646,8.505244636,11.14322578,8.138624796,11.63038305,0.1230331177
loc48_o2016_h5,48,Hungary,2016,2021,5,Q4,test_temporal_seen_country,daly,extra_trees,94a0f9db0d5a,True,False,8.302791825,10.44395978,9.12490454,11.93485928,8.734384251,12.453775,0.2071475095
loc48_o2017_h5,48,Hungary,2017,2022,5,Q4,test_temporal_seen_country,daly,extra_trees,94a0f9db0d5a,True,False,8.387905172,10.35256186,9.044041341,11.8315542,8.656639967,12.34632557,0.1900212563
loc48_o2018_h5,48,Hungary,2018,2023,5,Q4,test_temporal_seen_country,daly,extra_trees,94a0f9db0d5a,True,False,8.431143041,10.31313402,9.009158039,11.78698977,8.623102123,12.29997332,0.1819470513
loc49_o2014_h5,49,North Macedonia,2014,2019,5,Q4,test_temporal_seen_country,daly,extra_trees,94a0f9db0d5a,True,False,27.37141002,25.20751436,22.18678029,28.6217845,21.29245995,29.81013987,0.07933577112
loc49_o2015_h5,49,North Macedonia,2015,2020,5,Q4,test_temporal_seen_country,daly,extra_trees,94a0f9db0d5a,True,False,26.44488785,25.17770348,22.16040548,28.58808991,21.26710241,29.77509353,0.04727187927
loc49_o2016_h5,49,North Macedonia,2016,2021,5,Q4,test_temporal_seen_country,daly,extra_trees,94a0f9db0d5a,True,False,25.81826142,25.04463652,22.0426761,28.43768721,21.15391389,29.61865704,0.02927119658
loc49_o2017_h5,49,North Macedonia,2017,2022,5,Q4,test_temporal_seen_country,daly,extra_trees,94a0f9db0d5a,True,False,26.68643602,25.13228951,22.12022602,28.53675948,21.22847269,29.72170386,0.05777092317
loc49_o2018_h5,49,North Macedonia,2018,2023,5,Q4,test_temporal_seen_country,daly,extra_trees,94a0f9db0d5a,True,False,25.99555106,25.69947095,22.62203291,29.17783235,21.71092475,30.38849503,0.01102832641
loc51_o2014_h5,51,Poland,2014,2019,5,Q5,test_temporal_seen_country,daly,extra_trees,94a0f9db0d5a,True,False,8.778603299,7.932077169,6.90254688,9.095732901,6.597743524,9.500749637,0.09054768834
loc51_o2015_h5,51,Poland,2015,2020,5,Q5,test_temporal_seen_country,daly,extra_trees,94a0f9db0d5a,True,False,8.939826361,7.536766373,6.552800452,8.648921692,6.261486908,9.036013427,0.1521672605
loc51_o2016_h5,51,Poland,2016,2021,5,Q5,test_temporal_seen_country,daly,extra_trees,94a0f9db0d5a,True,False,8.453415504,8.716863316,7.5968769,9.982759645,7.265293048,10.42336178,0.02748675709
loc51_o2017_h5,51,Poland,2017,2022,5,Q5,test_temporal_seen_country,daly,extra_trees,94a0f9db0d5a,True,False,8.207774921,10.07818903,8.801293304,11.52143654,8.423254788,12.02376673,0.1849299955
loc51_o2018_h5,51,Poland,2018,2023,5,Q5,test_temporal_seen_country,daly,extra_trees,94a0f9db0d5a,True,False,8.121422811,10.65529255,9.311878646,12.17372413,8.914146715,12.70222253,0.2451345715
loc52_o2014_h5,52,Romania,2014,2019,5,Q4,test_temporal_seen_country,daly,extra_trees,94a0f9db0d5a,True,False,9.80082791,10.71659867,9.366118492,12.24301711,8.966294516,12.77429538,0.08138373701
loc52_o2015_h5,52,Romania,2015,2020,5,Q4,test_temporal_seen_country,daly,extra_trees,94a0f9db0d5a,True,False,9.853716065,10.61593662,9.277058956,12.12924097,8.88067003,12.65595481,0.06787048558
loc52_o2016_h5,52,Romania,2016,2021,5,Q4,test_temporal_seen_country,daly,extra_trees,94a0f9db0d5a,True,False,9.898228491,10.7487144,9.394532485,12.27931681,8.993612574,12.81205134,0.07514356919
loc52_o2017_h5,52,Romania,2017,2022,5,Q4,test_temporal_seen_country,daly,extra_trees,94a0f9db0d5a,True,False,10.51344043,10.79632628,9.436656522,12.33313149,9.034111875,12.86802493,0.02427306472
loc52_o2018_h5,52,Romania,2018,2023,5,Q4,test_temporal_seen_country,daly,extra_trees,94a0f9db0d5a,True,False,10.61324865,11.3323624,9.910907974,12.93900147,9.490071321,13.49820098,0.06008032553
loc53_o2014_h5,53,Serbia,2014,2019,5,Q4,test_temporal_seen_country,daly,extra_trees,94a0f9db0d5a,True,False,23.40073536,23.21232007,20.42155635,26.3666597,19.59532117,27.46454485,0.007751672439
loc53_o2015_h5,53,Serbia,2015,2020,5,Q4,test_temporal_seen_country,daly,extra_trees,94a0f9db0d5a,True,False,23.21753954,23.03265425,20.2625992,26.16358733,19.44249503,27.25332569,0.007663645883
loc53_o2016_h5,53,Serbia,2016,2021,5,Q4,test_temporal_seen_country,daly,extra_trees,94a0f9db0d5a,True,False,23.38207574,23.32959883,20.52531731,26.49921734,19.69508004,27.60242038,0.002154593722
loc53_o2017_h5,53,Serbia,2017,2022,5,Q4,test_temporal_seen_country,daly,extra_trees,94a0f9db0d5a,True,False,23.61088778,23.19969014,20.41038218,26.35238437,19.58457798,27.44969682,0.01684910883
loc53_o2018_h5,53,Serbia,2018,2023,5,Q4,test_temporal_seen_country,daly,extra_trees,94a0f9db0d5a,True,False,24.34133431,23.33822644,20.53295048,26.50896894,19.7024188,27.61256319,0.04038861118
loc54_o2014_h5,54,Slovakia,2014,2019,5,Q4,test_temporal_seen_country,daly,extra_trees,94a0f9db0d5a,True,False,14.17626577,15.16777198,13.30424006,17.27408165,12.75252167,18.00719424,0.06328713154
loc54_o2015_h5,54,Slovakia,2015,2020,5,Q4,test_temporal_seen_country,daly,extra_trees,94a0f9db0d5a,True,False,14.06806062,15.58618643,13.67442717,17.74700643,13.10843057,18.49909163,0.09599289338
loc54_o2016_h5,54,Slovakia,2016,2021,5,Q4,test_temporal_seen_country,daly,extra_trees,94a0f9db0d5a,True,False,14.29211898,15.89506442,13.94770322,18.09612451,13.37116629,18.8622155,0.09968393699
loc54_o2017_h5,54,Slovakia,2017,2022,5,Q4,test_temporal_seen_country,daly,extra_trees,94a0f9db0d5a,True,False,14.31603739,15.79349895,13.8578444,17.98132726,13.28477335,18.74281286,0.09209136955
loc54_o2018_h5,54,Slovakia,2018,2023,5,Q4,test_temporal_seen_country,daly,extra_trees,94a0f9db0d5a,True,False,13.84527008,15.81954374,13.88088721,18.01076512,13.30692739,18.7734317,0.1248602267
loc55_o2014_h5,55,Slovenia,2014,2019,5,Q5,test_temporal_seen_country,daly,extra_trees,94a0f9db0d5a,True,False,21.2145779,20.69128932,18.19110499,23.51719338,17.45089891,24.50076473,0.02383796944
loc55_o2015_h5,55,Slovenia,2015,2020,5,Q5,test_temporal_seen_country,daly,extra_trees,94a0f9db0d5a,True,False,21.57284648,20.81631212,18.30171739,23.65850394,17.55724497,24.64774433,0.03408974852
loc55_o2016_h5,55,Slovenia,2016,2021,5,Q5,test_temporal_seen_country,daly,extra_trees,94a0f9db0d5a,True,False,21.95430488,22.15367051,19.484929,25.17009109,18.69481978,26.21997275,0.008647825848
loc55_o2017_h5,55,Slovenia,2017,2022,5,Q5,test_temporal_seen_country,daly,extra_trees,94a0f9db0d5a,True,False,22.31389095,22.84752955,20.09881237,25.9543449,19.28502551,27.03568896,0.02263126841
loc55_o2018_h5,55,Slovenia,2018,2023,5,Q5,test_temporal_seen_country,daly,extra_trees,94a0f9db0d5a,True,False,21.72238368,22.30310256,19.61713719,25.33899089,18.82192867,26.39564841,0.02523600459
loc58_o2014_h5,58,Estonia,2014,2019,5,Q5,test_temporal_seen_country,daly,extra_trees,94a0f9db0d5a,True,False,18.22007687,17.92049584,15.73967909,20.38542567,15.09402517,21.24335796,0.01570963272
loc58_o2015_h5,58,Estonia,2015,2020,5,Q5,test_temporal_seen_country,daly,extra_trees,94a0f9db0d5a,True,False,18.27598957,18.50623914,16.25790836,21.04747861,15.5922662,21.93197089,0.01187411254
loc58_o2016_h5,58,Estonia,2016,2021,5,Q5,test_temporal_seen_country,daly,extra_trees,94a0f9db0d5a,True,False,18.44618676,19.37709631,17.02838868,22.03178956,16.33302888,22.95577005,0.04676054279
loc58_o2017_h5,58,Estonia,2017,2022,5,Q5,test_temporal_seen_country,daly,extra_trees,94a0f9db0d5a,True,False,18.57464065,19.02315158,16.71524037,21.63173351,16.03195879,22.53966471,0.02265429876
loc58_o2018_h5,58,Estonia,2018,2023,5,Q5,test_temporal_seen_country,daly,extra_trees,94a0f9db0d5a,True,False,18.63131842,19.24408824,16.9107114,21.88145342,16.21989045,22.79940278,0.03073664271
loc59_o2014_h5,59,Latvia,2014,2019,5,Q5,test_temporal_seen_country,daly,extra_trees,94a0f9db0d5a,True,False,15.42885793,14.78557183,12.96609311,16.84208913,12.42741715,17.5578712,0.03994307083
loc59_o2015_h5,59,Latvia,2015,2020,5,Q5,test_temporal_seen_country,daly,extra_trees,94a0f9db0d5a,True,False,15.61123504,14.4371649,12.65784431,16.44829233,12.13105758,17.14827623,0.07330136875
loc59_o2016_h5,59,Latvia,2016,2021,5,Q5,test_temporal_seen_country,daly,extra_trees,94a0f9db0d5a,True,False,16.34991347,14.76861448,12.9510903,16.8229226,12.412993,17.53793576,0.09556598005
loc59_o2017_h5,59,Latvia,2017,2022,5,Q5,test_temporal_seen_country,daly,extra_trees,94a0f9db0d5a,True,False,17.16563566,15.98817256,14.03007951,18.20136261,13.4503653,18.97167551,0.06701428865
loc59_o2018_h5,59,Latvia,2018,2023,5,Q5,test_temporal_seen_country,daly,extra_trees,94a0f9db0d5a,True,False,17.23415084,16.97800435,14.90582118,19.320148,14.29232938,20.13534389,0.01414722542
loc60_o2014_h5,60,Lithuania,2014,2019,5,Q5,test_temporal_seen_country,daly,extra_trees,94a0f9db0d5a,True,False,15.91786402,13.64501658,11.9570007,15.55294429,11.4572457,16.21700895,0.1442699938
loc60_o2015_h5,60,Lithuania,2015,2020,5,Q5,test_temporal_seen_country,daly,extra_trees,94a0f9db0d5a,True,False,16.17565041,13.84625161,12.13504095,15.78039587,11.62841889,16.45358535,0.1457452904
loc60_o2016_h5,60,Lithuania,2016,2021,5,Q5,test_temporal_seen_country,daly,extra_trees,94a0f9db0d5a,True,False,16.27366025,14.93496469,13.09826664,17.01094463,12.5544927,17.73350079,0.08066708014
loc60_o2017_h5,60,Lithuania,2017,2022,5,Q5,test_temporal_seen_country,daly,extra_trees,94a0f9db0d5a,True,False,16.60712443,16.03068767,14.06769424,18.24941652,13.48652923,19.02165722,0.03328674325
loc60_o2018_h5,60,Lithuania,2018,2023,5,Q5,test_temporal_seen_country,daly,extra_trees,94a0f9db0d5a,True,False,17.2120181,16.62161105,14.59050653,18.91732439,13.98917651,19.71635996,0.03295566165
loc61_o2014_h5,61,Republic of Moldova,2014,2019,5,Q4,test_temporal_seen_country,daly,extra_trees,94a0f9db0d5a,True,False,12.75125,13.77256526,12.06984784,15.69710979,11.5657403,16.36695803,0.07164203247
loc61_o2015_h5,61,Republic of Moldova,2015,2020,5,Q4,test_temporal_seen_country,daly,extra_trees,94a0f9db0d5a,True,False,11.89937432,13.45869047,11.79215093,15.34234392,11.29875423,15.9979598,0.1141168422
loc61_o2016_h5,61,Republic of Moldova,2016,2021,5,Q4,test_temporal_seen_country,daly,extra_trees,94a0f9db0d5a,True,False,11.26307121,12.83822107,11.24319816,14.64104084,10.77097472,15.26852211,0.1208420014
loc61_o2017_h5,61,Republic of Moldova,2017,2022,5,Q4,test_temporal_seen_country,daly,extra_trees,94a0f9db0d5a,True,False,12.28214769,13.41699126,11.75525806,15.29521222,11.26328433,15.94893729,0.08198660514
loc61_o2018_h5,61,Republic of Moldova,2018,2023,5,Q4,test_temporal_seen_country,daly,extra_trees,94a0f9db0d5a,True,False,13.42092063,13.08835521,11.4645013,14.92376202,10.98374214,15.56258539,0.0233313895
loc62_o2014_h5,62,Russian Federation,2014,2019,5,Q4,test_temporal_seen_country,daly,extra_trees,94a0f9db0d5a,True,False,11.63041982,12.43814262,10.8892336,14.18884085,10.43066267,14.79818093,0.06198895158
loc62_o2015_h5,62,Russian Federation,2015,2020,5,Q4,test_temporal_seen_country,daly,extra_trees,94a0f9db0d5a,True,False,11.85715066,13.18754424,11.5522576,15.03587324,11.06811365,15.67919424,0.09846428516
loc62_o2016_h5,62,Russian Federation,2016,2021,5,Q4,test_temporal_seen_country,daly,extra_trees,94a0f9db0d5a,True,False,11.99029435,13.2081789,11.57051386,15.05919614,11.08566576,15.7034528,0.08961528711
loc62_o2017_h5,62,Russian Federation,2017,2022,5,Q4,test_temporal_seen_country,daly,extra_trees,94a0f9db0d5a,True,False,11.83386569,12.64818823,11.07506891,14.42625084,10.60933026,15.04511525,0.06151934828
loc62_o2018_h5,62,Russian Federation,2018,2023,5,Q4,test_temporal_seen_country,daly,extra_trees,94a0f9db0d5a,True,False,12.69692727,12.23718614,10.7114398,13.96170411,10.25972642,14.56193201,0.03414152003
loc63_o2014_h5,63,Ukraine,2014,2019,5,Q4,test_temporal_seen_country,daly,extra_trees,94a0f9db0d5a,True,False,7.337113958,8.855543815,7.719572789,10.1395072,7.383256523,10.58639767,0.1673170124
loc63_o2015_h5,63,Ukraine,2015,2020,5,Q4,test_temporal_seen_country,daly,extra_trees,94a0f9db0d5a,True,False,7.923572085,8.172993331,7.115694531,9.368035209,6.802670012,9.783976064,0.02756733506
loc63_o2016_h5,63,Ukraine,2016,2021,5,Q4,test_temporal_seen_country,daly,extra_trees,94a0f9db0d5a,True,False,7.732003921,8.176053248,7.118401756,9.371493767,6.805272819,9.787573371,0.04960229512
loc63_o2017_h5,63,Ukraine,2017,2022,5,Q4,test_temporal_seen_country,daly,extra_trees,94a0f9db0d5a,True,False,7.949129008,8.362467134,7.283329179,9.582193335,6.963838947,10.0067257,0.04515262837
loc63_o2018_h5,63,Ukraine,2018,2023,5,Q4,test_temporal_seen_country,daly,extra_trees,94a0f9db0d5a,True,False,8.191141264,8.492380821,7.398268737,9.729031955,7.074345255,10.15945514,0.03224934387
loc66_o2014_h5,66,Brunei Darussalam,2014,2019,5,Q5,test_temporal_seen_country,daly,extra_trees,94a0f9db0d5a,True,False,34.47420523,33.8723005,29.85284468,38.41540416,28.66284217,39.9966562,0.01711298681
loc66_o2015_h5,66,Brunei Darussalam,2015,2020,5,Q5,test_temporal_seen_country,daly,extra_trees,94a0f9db0d5a,True,False,35.00233022,33.81778613,29.80461375,38.35378774,28.61647152,39.93256789,0.0334553127
loc66_o2016_h5,66,Brunei Darussalam,2016,2021,5,Q5,test_temporal_seen_country,daly,extra_trees,94a0f9db0d5a,True,False,35.97423394,33.46146935,29.4893668,37.95105062,28.31338373,39.51367391,0.07037942048
loc66_o2017_h5,66,Brunei Darussalam,2017,2022,5,Q5,test_temporal_seen_country,daly,extra_trees,94a0f9db0d5a,True,False,36.65396216,32.86964992,28.96576175,37.28212997,27.80997426,38.81791776,0.1059188545
loc66_o2018_h5,66,Brunei Darussalam,2018,2023,5,Q5,test_temporal_seen_country,daly,extra_trees,94a0f9db0d5a,True,False,38.97413541,31.55995844,27.8070281,35.80181412,26.69593329,37.27821517,0.2051493655
loc68_o2014_h5,68,Republic of Korea,2014,2019,5,Q5,test_temporal_seen_country,daly,extra_trees,94a0f9db0d5a,True,False,17.35870084,18.40583059,16.16907312,20.933989,15.50685735,21.81392835,0.05546994479
loc68_o2015_h5,68,Republic of Korea,2015,2020,5,Q5,test_temporal_seen_country,daly,extra_trees,94a0f9db0d5a,True,False,17.30178594,18.57905676,16.32233286,21.12978277,15.65420583,22.0175769,0.0674618146
loc68_o2016_h5,68,Republic of Korea,2016,2021,5,Q5,test_temporal_seen_country,daly,extra_trees,94a0f9db0d5a,True,False,17.3242674,18.64098548,16.37712355,21.19977947,15.70688323,22.09038169,0.06939221023
loc68_o2017_h5,68,Republic of Korea,2017,2022,5,Q5,test_temporal_seen_country,daly,extra_trees,94a0f9db0d5a,True,False,18.55488646,18.15661332,15.94858116,20.65230413,15.29486983,21.52094295,0.02057720302
loc68_o2018_h5,68,Republic of Korea,2018,2023,5,Q5,test_temporal_seen_country,daly,extra_trees,94a0f9db0d5a,True,False,18.98723721,18.56874167,16.31320672,21.11812386,15.64543168,22.00545026,0.02116044978
loc69_o2014_h5,69,Singapore,2014,2019,5,Q5,test_temporal_seen_country,daly,extra_trees,94a0f9db0d5a,True,False,10.80481999,12.57953975,11.014333,14.34865895,10.55093695,14.96441056,0.1400563078
loc69_o2015_h5,69,Singapore,2015,2020,5,Q5,test_temporal_seen_country,daly,extra_trees,94a0f9db0d5a,True,False,10.1460108,12.91697103,11.31287123,14.73005021,10.83796048,15.36110233,0.2220273753
loc69_o2016_h5,69,Singapore,2016,2021,5,Q5,test_temporal_seen_country,daly,extra_trees,94a0f9db0d5a,True,False,9.824696614,13.18375543,11.5489055,15.03159083,11.06489084,15.67474003,0.2702670792
loc69_o2017_h5,69,Singapore,2017,2022,5,Q5,test_temporal_seen_country,daly,extra_trees,94a0f9db0d5a,True,False,9.527547784,13.3055762,11.65668494,15.16928219,11.1685132,15.81795524,0.3066539851
loc69_o2018_h5,69,Singapore,2018,2023,5,Q5,test_temporal_seen_country,daly,extra_trees,94a0f9db0d5a,True,False,10.53527842,13.53378899,11.85859344,15.42722616,11.36263403,16.08624731,0.2310661859
loc71_o2014_h5,71,Australia,2014,2019,5,Q5,test_temporal_seen_country,daly,extra_trees,94a0f9db0d5a,True,False,25.60401764,24.73218067,21.76623458,28.08452514,20.88813479,29.25132695,0.03331986876
loc71_o2015_h5,71,Australia,2015,2020,5,Q5,test_temporal_seen_country,daly,extra_trees,94a0f9db0d5a,True,False,24.74411722,25.67911745,22.6040254,29.15482723,21.6936118,30.36456701,0.03567499804
loc71_o2016_h5,71,Australia,2016,2021,5,Q5,test_temporal_seen_country,daly,extra_trees,94a0f9db0d5a,True,False,24.79583688,26.25836834,23.1165106,29.80954193,22.1863303,31.04554731,0.05514745138
loc71_o2017_h5,71,Australia,2017,2022,5,Q5,test_temporal_seen_country,daly,extra_trees,94a0f9db0d5a,True,False,25.4491712,26.53722828,23.36322854,30.12473127,22.42353227,31.37338128,0.04031402151
loc71_o2018_h5,71,Australia,2018,2023,5,Q5,test_temporal_seen_country,daly,extra_trees,94a0f9db0d5a,True,False,25.29993446,27.66636268,24.3622165,31.40096737,23.383989,32.70081693,0.08615795635
loc75_o2014_h5,75,Austria,2014,2019,5,Q5,test_temporal_seen_country,daly,extra_trees,94a0f9db0d5a,True,False,17.9634242,17.82412315,15.65441452,20.27649771,15.01204927,21.13006007,0.007372888388
loc75_o2015_h5,75,Austria,2015,2020,5,Q5,test_temporal_seen_country,daly,extra_trees,94a0f9db0d5a,True,False,17.71808029,17.79430984,15.62803756,20.24280038,14.98668968,21.09501088,0.004064238832
loc75_o2016_h5,75,Austria,2016,2021,5,Q5,test_temporal_seen_country,daly,extra_trees,94a0f9db0d5a,True,False,17.69197226,15.93421251,13.98233902,18.14037275,13.40446617,18.90823887,0.09875815631
loc75_o2017_h5,75,Austria,2017,2022,5,Q5,test_temporal_seen_country,daly,extra_trees,94a0f9db0d5a,True,False,18.14275745,17.3658,15.24891867,19.75846501,14.62219351,20.59124513,0.04143420376
loc75_o2018_h5,75,Austria,2018,2023,5,Q5,test_temporal_seen_country,daly,extra_trees,94a0f9db0d5a,True,False,17.93483725,17.10045673,15.01415943,19.45855326,14.396489,20.27930165,0.04506629433
loc76_o2014_h5,76,Belgium,2014,2019,5,Q5,test_temporal_seen_country,daly,extra_trees,94a0f9db0d5a,True,False,14.7853489,15.39988781,13.50960172,17.53643713,12.94996248,18.2800748,0.03819226845
loc76_o2015_h5,76,Belgium,2015,2020,5,Q5,test_temporal_seen_country,daly,extra_trees,94a0f9db0d5a,True,False,14.43956523,15.74673869,13.81647383,17.92847516,13.24499845,18.68784046,0.08127014897
loc76_o2016_h5,76,Belgium,2016,2021,5,Q5,test_temporal_seen_country,daly,extra_trees,94a0f9db0d5a,True,False,14.79816038,15.82074732,13.88195207,18.01212551,13.30795118,18.77484666,0.06271958285
loc76_o2017_h5,76,Belgium,2017,2022,5,Q5,test_temporal_seen_country,daly,extra_trees,94a0f9db0d5a,True,False,15.42592764,15.91778733,13.96780703,18.12180772,13.39049469,18.88892906,0.02950453314
loc76_o2018_h5,76,Belgium,2018,2023,5,Q5,test_temporal_seen_country,daly,extra_trees,94a0f9db0d5a,True,False,15.10476232,16.26208967,14.27242435,18.51096518,13.68336284,19.29369859,0.06939772384
loc77_o2014_h5,77,Cyprus,2014,2019,5,Q5,test_temporal_seen_country,daly,extra_trees,94a0f9db0d5a,True,False,15.69289699,15.7471559,13.81684295,17.92894672,13.24535334,18.68833094,0.003245148098
loc77_o2015_h5,77,Cyprus,2015,2020,5,Q5,test_temporal_seen_country,daly,extra_trees,94a0f9db0d5a,True,False,16.07550695,16.11895967,14.14579182,18.34918845,13.56161456,19.12543176,0.002541507091
loc77_o2016_h5,77,Cyprus,2016,2021,5,Q5,test_temporal_seen_country,daly,extra_trees,94a0f9db0d5a,True,False,16.25967673,16.40163195,14.39588269,18.66868679,13.80205936,19.45774762,0.008191036438
loc77_o2017_h5,77,Cyprus,2017,2022,5,Q5,test_temporal_seen_country,daly,extra_trees,94a0f9db0d5a,True,False,15.93990044,16.99240719,14.91856392,19.33642722,14.30458063,20.1522762,0.06027803432
loc77_o2018_h5,77,Cyprus,2018,2023,5,Q5,test_temporal_seen_country,daly,extra_trees,94a0f9db0d5a,True,False,15.87050628,17.34639278,15.23174837,19.73652945,14.60568548,20.56842957,0.08386606968
loc78_o2014_h5,78,Denmark,2014,2019,5,Q5,test_temporal_seen_country,daly,extra_trees,94a0f9db0d5a,True,False,11.23595302,11.74385893,10.27497454,13.40410707,9.840095739,13.98196551,0.04067091596
loc78_o2015_h5,78,Denmark,2015,2020,5,Q5,test_temporal_seen_country,daly,extra_trees,94a0f9db0d5a,True,False,11.00591935,12.23746621,10.71168759,13.96202066,10.25996465,14.56226126,0.09765135128
loc78_o2016_h5,78,Denmark,2016,2021,5,Q5,test_temporal_seen_country,daly,extra_trees,94a0f9db0d5a,True,False,11.96339528,11.82160729,10.34376145,13.49198435,9.906229526,14.07336821,0.0109978208
loc78_o2017_h5,78,Denmark,2017,2022,5,Q5,test_temporal_seen_country,daly,extra_trees,94a0f9db0d5a,True,False,12.1513063,11.73276353,10.26515802,13.39156618,9.830657845,13.96892151,0.03234261497
loc78_o2018_h5,78,Denmark,2018,2023,5,Q5,test_temporal_seen_country,daly,extra_trees,94a0f9db0d5a,True,False,12.23245548,12.15184506,10.63593531,13.86524493,10.18713416,14.46160312,0.006110503236
loc79_o2014_h5,79,Finland,2014,2019,5,Q5,test_temporal_seen_country,daly,extra_trees,94a0f9db0d5a,True,False,17.35682682,16.81022637,14.75738165,19.13051219,14.1496152,19.93810035,0.03022873166
loc79_o2015_h5,79,Finland,2015,2020,5,Q5,test_temporal_seen_country,daly,extra_trees,94a0f9db0d5a,True,False,17.46928322,17.03519774,14.95642234,19.38479245,14.34097884,20.20258173,0.02378370712
loc79_o2016_h5,79,Finland,2016,2021,5,Q5,test_temporal_seen_country,daly,extra_trees,94a0f9db0d5a,True,False,18.35946241,17.41563348,15.29300824,19.8147907,14.66458253,20.64983048,0.04998136412
loc79_o2017_h5,79,Finland,2017,2022,5,Q5,test_temporal_seen_country,daly,extra_trees,94a0f9db0d5a,True,False,18.30528984,18.03881857,15.84436369,20.51916328,15.19467205,21.38246081,0.01389916558
loc79_o2018_h5,79,Finland,2018,2023,5,Q5,test_temporal_seen_country,daly,extra_trees,94a0f9db0d5a,True,False,19.64580369,17.90414144,15.72520973,20.36694065,15.0801139,21.22413137,0.08813106571
loc81_o2014_h5,81,Germany,2014,2019,5,Q5,test_temporal_seen_country,daly,extra_trees,94a0f9db0d5a,True,False,17.23056924,16.99264093,14.91877071,19.33669141,14.30477945,20.15255098,0.01313697688
loc81_o2015_h5,81,Germany,2015,2020,5,Q5,test_temporal_seen_country,daly,extra_trees,94a0f9db0d5a,True,False,17.63526454,17.52488661,15.38966862,19.93827715,14.7575147,20.77827091,0.005940678344
loc81_o2016_h5,81,Germany,2016,2021,5,Q5,test_temporal_seen_country,daly,extra_trees,94a0f9db0d5a,True,False,17.63091709,17.49243647,15.36095875,19.90159946,14.72991218,20.7401218,0.007460600923
loc81_o2017_h5,81,Germany,2017,2022,5,Q5,test_temporal_seen_country,daly,extra_trees,94a0f9db0d5a,True,False,18.06964882,17.57275421,15.4320189,19.99238086,14.79823152,20.83454513,0.02640232452
loc81_o2018_h5,81,Germany,2018,2023,5,Q5,test_temporal_seen_country,daly,extra_trees,94a0f9db0d5a,True,False,18.52139875,17.63824243,15.48995881,20.06640077,14.85393666,20.91153454,0.04629572112
loc82_o2014_h5,82,Greece,2014,2019,5,Q5,test_temporal_seen_country,daly,extra_trees,94a0f9db0d5a,True,False,18.31504204,19.57001397,17.19907024,22.2498402,16.49712721,23.18256836,0.06295021029
loc82_o2015_h5,82,Greece,2015,2020,5,Q5,test_temporal_seen_country,daly,extra_trees,94a0f9db0d5a,True,False,17.83791276,20.55995883,18.07491194,23.36875338,17.33918746,24.34636967,0.1349663612
loc82_o2016_h5,82,Greece,2016,2021,5,Q5,test_temporal_seen_country,daly,extra_trees,94a0f9db0d5a,True,False,18.38389721,20.70707605,18.20507211,23.53503678,17.46432732,24.51932397,0.1131956122
loc82_o2017_h5,82,Greece,2017,2022,5,Q5,test_temporal_seen_country,daly,extra_trees,94a0f9db0d5a,True,False,18.44214079,20.55074118,18.06675673,23.35833487,17.3313468,24.33553319,0.1029672933
loc82_o2018_h5,82,Greece,2018,2023,5,Q5,test_temporal_seen_country,daly,extra_trees,94a0f9db0d5a,True,False,19.06478393,20.98187686,18.44819879,23.84563817,17.69807654,24.84238594,0.09125209971
loc83_o2014_h5,83,Iceland,2014,2019,5,Q5,test_temporal_seen_country,daly,extra_trees,94a0f9db0d5a,True,False,12.51688893,13.69348291,11.9998807,15.60772473,11.4984718,16.27398705,0.08346412057
loc83_o2015_h5,83,Iceland,2015,2020,5,Q5,test_temporal_seen_country,daly,extra_trees,94a0f9db0d5a,True,False,12.24167683,14.10175691,12.36109616,16.06918796,11.84575509,16.75396309,0.1314418975
loc83_o2016_h5,83,Iceland,2016,2021,5,Q5,test_temporal_seen_country,daly,extra_trees,94a0f9db0d5a,True,False,12.92247353,14.18542744,12.43512265,16.16375895,11.91692636,16.85232804,0.08683191157
loc83_o2017_h5,83,Iceland,2017,2022,5,Q5,test_temporal_seen_country,daly,extra_trees,94a0f9db0d5a,True,False,15.68161042,14.39474188,12.62031106,16.40034252,12.094972,17.09840277,0.08028092558
loc83_o2018_h5,83,Iceland,2018,2023,5,Q5,test_temporal_seen_country,daly,extra_trees,94a0f9db0d5a,True,False,16.43437199,14.3408171,12.57260177,16.33939251,12.04910287,17.0350076,0.1279265985
loc84_o2014_h5,84,Ireland,2014,2019,5,Q5,test_temporal_seen_country,daly,extra_trees,94a0f9db0d5a,True,False,18.04747652,17.74739027,15.58652604,20.1897682,14.94677927,21.03985119,0.01588006947
loc84_o2015_h5,84,Ireland,2015,2020,5,Q5,test_temporal_seen_country,daly,extra_trees,94a0f9db0d5a,True,False,17.54465513,17.94148427,15.75824834,20.40914844,15.1118782,21.26803243,0.02117283726
loc84_o2016_h5,84,Ireland,2016,2021,5,Q5,test_temporal_seen_country,daly,extra_trees,94a0f9db0d5a,True,False,16.8112913,18.09246876,15.89183004,20.57980292,15.24030761,21.44553317,0.06946135261
loc84_o2017_h5,84,Ireland,2017,2022,5,Q5,test_temporal_seen_country,daly,extra_trees,94a0f9db0d5a,True,False,18.64390224,19.05214859,16.74089512,21.6645082,16.05662403,22.57375424,0.02056933787
loc84_o2018_h5,84,Ireland,2018,2023,5,Q5,test_temporal_seen_country,daly,extra_trees,94a0f9db0d5a,True,False,19.36852175,19.00540431,16.69953869,21.61167415,16.01686272,22.51880061,0.01798820547
loc85_o2014_h5,85,Israel,2014,2019,5,Q5,test_temporal_seen_country,daly,extra_trees,94a0f9db0d5a,True,False,10.03750479,10.84683236,9.481341165,12.39021741,9.07707302,12.92740101,0.07076152032
loc85_o2015_h5,85,Israel,2015,2020,5,Q5,test_temporal_seen_country,daly,extra_trees,94a0f9db0d5a,True,False,9.750048275,11.18860528,9.783720605,12.77651592,9.367789603,13.3291969,0.1255912763
loc85_o2016_h5,85,Israel,2016,2021,5,Q5,test_temporal_seen_country,daly,extra_trees,94a0f9db0d5a,True,False,9.726931493,11.11535446,9.718912836,12.69372212,9.305481487,13.2430816,0.1217160709
loc85_o2017_h5,85,Israel,2017,2022,5,Q5,test_temporal_seen_country,daly,extra_trees,94a0f9db0d5a,True,False,9.97268322,11.08543826,9.692444838,12.65990848,9.280034367,13.20791144,0.09659243761
loc85_o2018_h5,85,Israel,2018,2023,5,Q5,test_temporal_seen_country,daly,extra_trees,94a0f9db0d5a,True,False,10.0064521,11.08165717,9.689099568,12.6556348,9.276818125,13.20346631,0.0932067109
loc86_o2014_h5,86,Italy,2014,2019,5,Q5,test_temporal_seen_country,daly,extra_trees,94a0f9db0d5a,True,False,15.23993261,15.54848079,13.64106755,17.70438855,13.07635764,18.45476403,0.01882111744
loc86_o2015_h5,86,Italy,2015,2020,5,Q5,test_temporal_seen_country,daly,extra_trees,94a0f9db0d5a,True,False,15.45933158,14.44937405,12.6686462,16.46209207,12.14144285,17.16262957,0.06332409774
loc86_o2016_h5,86,Italy,2016,2021,5,Q5,test_temporal_seen_country,daly,extra_trees,94a0f9db0d5a,True,False,15.33755767,13.19966894,11.56298477,15.04957751,11.07842707,15.6934483,0.1402479586
loc86_o2017_h5,86,Italy,2017,2022,5,Q5,test_temporal_seen_country,daly,extra_trees,94a0f9db0d5a,True,False,15.64259963,14.16411564,12.41626729,16.13967068,11.89879825,16.82727341,0.09303382743
loc86_o2018_h5,86,Italy,2018,2023,5,Q5,test_temporal_seen_country,daly,extra_trees,94a0f9db0d5a,True,False,15.69357319,14.7410836,12.92673269,16.79180504,12.38957487,17.50556984,0.05874972209
loc87_o2014_h5,87,Luxembourg,2014,2019,5,Q5,test_temporal_seen_country,daly,extra_trees,94a0f9db0d5a,True,False,17.22243435,18.76672018,16.48836581,21.34189467,15.81383484,22.23819822,0.08134623303
loc87_o2015_h5,87,Luxembourg,2015,2020,5,Q5,test_temporal_seen_country,daly,extra_trees,94a0f9db0d5a,True,False,16.45395296,19.3134917,16.97211527,21.95989865,16.27892595,22.88099504,0.1517191276
loc87_o2016_h5,87,Luxembourg,2016,2021,5,Q5,test_temporal_seen_country,daly,extra_trees,94a0f9db0d5a,True,False,16.50888409,18.43367073,16.19370434,20.96545611,15.53053855,21.84665784,0.1042987518
loc87_o2017_h5,87,Luxembourg,2017,2022,5,Q5,test_temporal_seen_country,daly,extra_trees,94a0f9db0d5a,True,False,18.52296025,18.03064758,15.8371345,20.50992779,15.1877217,21.37285481,0.02554051131
loc87_o2018_h5,87,Luxembourg,2018,2023,5,Q5,test_temporal_seen_country,daly,extra_trees,94a0f9db0d5a,True,False,19.84493059,18.09465571,15.89376492,20.58227479,15.24216787,21.4481042,0.08770229138
loc88_o2014_h5,88,Malta,2014,2019,5,Q4,test_temporal_seen_country,daly,extra_trees,94a0f9db0d5a,True,False,12.63430315,12.66722041,11.0919074,14.4477625,10.62551928,15.0674899,0.002411387034
loc88_o2015_h5,88,Malta,2015,2020,5,Q4,test_temporal_seen_country,daly,extra_trees,94a0f9db0d5a,True,False,12.08405499,12.64359703,11.0710069,14.42106151,10.60542492,15.03971773,0.04187601646
loc88_o2016_h5,88,Malta,2016,2021,5,Q4,test_temporal_seen_country,daly,extra_trees,94a0f9db0d5a,True,False,11.93744818,12.81613035,11.22365367,14.61607218,10.75218406,15.24255177,0.06571071038
loc88_o2017_h5,88,Malta,2017,2022,5,Q4,test_temporal_seen_country,daly,extra_trees,94a0f9db0d5a,True,False,12.00491742,13.51581373,11.84269004,15.40690911,11.34734404,16.06511519,0.1099111087
loc88_o2018_h5,88,Malta,2018,2023,5,Q4,test_temporal_seen_country,daly,extra_trees,94a0f9db0d5a,True,False,11.71668975,14.27749011,12.51657397,16.26781538,11.99523608,16.96055897,0.1834652263
loc90_o2014_h5,90,Norway,2014,2019,5,Q5,test_temporal_seen_country,daly,extra_trees,94a0f9db0d5a,True,False,11.37723585,10.02545996,8.754641903,11.46183802,8.378402743,11.96177726,0.1156518269
loc90_o2015_h5,90,Norway,2015,2020,5,Q5,test_temporal_seen_country,daly,extra_trees,94a0f9db0d5a,True,False,11.32142399,10.87262418,9.504160161,12.41936934,9.09901188,12.95772245,0.03710427429
loc90_o2016_h5,90,Norway,2016,2021,5,Q5,test_temporal_seen_country,daly,extra_trees,94a0f9db0d5a,True,False,10.93171127,11.36517276,9.939936539,12.97608631,9.517980246,13.53677357,0.03568420397
loc90_o2017_h5,90,Norway,2017,2022,5,Q5,test_temporal_seen_country,daly,extra_trees,94a0f9db0d5a,True,False,11.26819484,11.63121116,10.17531079,13.27678374,9.744276049,13.84953427,0.02916069893
loc90_o2018_h5,90,Norway,2018,2023,5,Q5,test_temporal_seen_country,daly,extra_trees,94a0f9db0d5a,True,False,12.12043833,12.04258021,10.53926456,13.74174525,10.09419203,14.33314892,0.005951786459
loc91_o2014_h5,91,Portugal,2014,2019,5,Q4,test_temporal_seen_country,daly,extra_trees,94a0f9db0d5a,True,False,22.36134561,21.0154537,18.47790549,23.88358934,17.72663744,24.88185962,0.05933811181
loc91_o2015_h5,91,Portugal,2015,2020,5,Q4,test_temporal_seen_country,daly,extra_trees,94a0f9db0d5a,True,False,22.64111816,20.99773349,18.46222775,23.86356057,17.7115644,24.86102735,0.07204806615
loc91_o2016_h5,91,Portugal,2016,2021,5,Q4,test_temporal_seen_country,daly,extra_trees,94a0f9db0d5a,True,False,22.15677238,21.48097787,18.88977235,24.40976121,18.12261849,25.42914025,0.02961775757
loc91_o2017_h5,91,Portugal,2017,2022,5,Q4,test_temporal_seen_country,daly,extra_trees,94a0f9db0d5a,True,False,23.71753344,21.9442311,19.29963003,24.93336627,18.51666784,25.9737511,0.07444631083
loc91_o2018_h5,91,Portugal,2018,2023,5,Q4,test_temporal_seen_country,daly,extra_trees,94a0f9db0d5a,True,False,23.71960533,22.37803112,19.68342933,25.42368102,18.88566391,26.48373611,0.05579992624
loc92_o2014_h5,92,Spain,2014,2019,5,Q4,test_temporal_seen_country,daly,extra_trees,94a0f9db0d5a,True,False,23.67686741,23.82119258,20.96024892,27.05485508,20.11323621,28.18034898,0.005831564863
loc92_o2015_h5,92,Spain,2015,2020,5,Q4,test_temporal_seen_country,daly,extra_trees,94a0f9db0d5a,True,False,23.08825604,23.90031537,21.03025185,27.14428586,20.18053911,28.27336751,0.03315604837
loc92_o2016_h5,92,Spain,2016,2021,5,Q4,test_temporal_seen_country,daly,extra_trees,94a0f9db0d5a,True,False,22.50286998,23.63004123,20.79113008,26.83880087,19.95064034,27.95562719,0.0468443456
loc92_o2017_h5,92,Spain,2017,2022,5,Q4,test_temporal_seen_country,daly,extra_trees,94a0f9db0d5a,True,False,23.98215233,23.9109162,21.03963081,27.15626775,20.18955632,28.28583009,0.00285555398
loc92_o2018_h5,92,Spain,2018,2023,5,Q4,test_temporal_seen_country,daly,extra_trees,94a0f9db0d5a,True,False,23.73580485,24.60300562,21.65194852,27.9385214,20.77825678,29.09946588,0.03445796854
loc93_o2014_h5,93,Sweden,2014,2019,5,Q5,test_temporal_seen_country,daly,extra_trees,94a0f9db0d5a,True,False,9.244704479,10.12019386,8.838456571,11.56891369,8.458984657,12.07314855,0.08200178634
loc93_o2015_h5,93,Sweden,2015,2020,5,Q5,test_temporal_seen_country,daly,extra_trees,94a0f9db0d5a,True,False,9.366700171,10.14839116,8.863403787,11.60078449,8.482969652,12.10629792,0.07269643426
loc93_o2016_h5,93,Sweden,2016,2021,5,Q5,test_temporal_seen_country,daly,extra_trees,94a0f9db0d5a,True,False,9.74040206,10.2165439,8.9237011,11.67781605,8.540941281,12.18641981,0.04337729832
loc93_o2017_h5,93,Sweden,2017,2022,5,Q5,test_temporal_seen_country,daly,extra_trees,94a0f9db0d5a,True,False,10.16790928,10.49938276,9.173939347,11.99750267,8.781527772,12.51893149,0.02924893817
loc93_o2018_h5,93,Sweden,2018,2023,5,Q5,test_temporal_seen_country,daly,extra_trees,94a0f9db0d5a,True,False,10.6454255,10.19434875,8.904064208,11.65272935,8.52206179,12.16032669,0.03950436704
loc94_o2014_h5,94,Switzerland,2014,2019,5,Q5,test_temporal_seen_country,daly,extra_trees,94a0f9db0d5a,True,False,13.55328803,14.87648614,13.04652845,16.9448476,12.50475007,17.6647521,0.08702220621
loc94_o2015_h5,94,Switzerland,2015,2020,5,Q5,test_temporal_seen_country,daly,extra_trees,94a0f9db0d5a,True,False,13.10108981,15.78295546,13.84851618,17.96941019,13.27580492,18.7304177,0.1741117296
loc94_o2016_h5,94,Switzerland,2016,2021,5,Q5,test_temporal_seen_country,daly,extra_trees,94a0f9db0d5a,True,False,12.92003203,15.82344735,13.88434088,18.01517729,13.31024785,18.77802087,0.189444633
loc94_o2017_h5,94,Switzerland,2017,2022,5,Q5,test_temporal_seen_country,daly,extra_trees,94a0f9db0d5a,True,False,13.71860664,15.8736449,13.92875255,18.07191449,13.35294656,18.83703423,0.13664048
loc94_o2018_h5,94,Switzerland,2018,2023,5,Q5,test_temporal_seen_country,daly,extra_trees,94a0f9db0d5a,True,False,12.64473535,15.6086351,13.69428835,17.77237966,13.1275257,18.52548278,0.1965689881
loc97_o2014_h5,97,Argentina,2014,2019,5,Q4,test_temporal_seen_country,daly,extra_trees,94a0f9db0d5a,True,False,7.332487496,7.279573636,6.325252298,8.358222325,6.042715348,8.733651894,0.006370556721
loc97_o2015_h5,97,Argentina,2015,2020,5,Q4,test_temporal_seen_country,daly,extra_trees,94a0f9db0d5a,True,False,7.309215744,7.606453359,6.614455167,8.727687379,6.320763584,9.117939006,0.03514708296
loc97_o2016_h5,97,Argentina,2016,2021,5,Q4,test_temporal_seen_country,daly,extra_trees,94a0f9db0d5a,True,False,7.668766673,7.577088736,6.588475173,8.694497183,6.295785646,9.083417298,0.01063198065
loc97_o2017_h5,97,Argentina,2017,2022,5,Q4,test_temporal_seen_country,daly,extra_trees,94a0f9db0d5a,True,False,8.732239013,7.515057728,6.533593991,8.624384882,6.243021247,9.010492259,0.1336078904
loc97_o2018_h5,97,Argentina,2018,2023,5,Q4,test_temporal_seen_country,daly,extra_trees,94a0f9db0d5a,True,False,7.930650794,8.00540803,6.96742547,9.178617182,6.660119729,9.586959037,0.008336019551
loc98_o2014_h5,98,Chile,2014,2019,5,Q4,test_temporal_seen_country,daly,extra_trees,94a0f9db0d5a,True,False,17.99919155,16.82361053,14.76922312,19.14564002,14.16099995,19.95383507,0.06387241588
loc98_o2015_h5,98,Chile,2015,2020,5,Q4,test_temporal_seen_country,daly,extra_trees,94a0f9db0d5a,True,False,17.262035,17.49196381,15.36054057,19.90106522,14.72951013,20.73956613,0.01251193429
loc98_o2016_h5,98,Chile,2016,2021,5,Q4,test_temporal_seen_country,daly,extra_trees,94a0f9db0d5a,True,False,16.5276955,17.29079261,15.1825568,19.67368578,14.55839123,20.50306477,0.0426155675
loc98_o2017_h5,98,Chile,2017,2022,5,Q4,test_temporal_seen_country,daly,extra_trees,94a0f9db0d5a,True,False,17.41022975,17.24587278,15.14281452,19.62291387,14.52018183,20.45025601,0.008967569479
loc98_o2018_h5,98,Chile,2018,2023,5,Q4,test_temporal_seen_country,daly,extra_trees,94a0f9db0d5a,True,False,17.46682347,18.7616537,16.4838833,21.33616814,15.80952522,22.23224195,0.06776758178
loc99_o2014_h5,99,Uruguay,2014,2019,5,Q4,test_temporal_seen_country,daly,extra_trees,94a0f9db0d5a,True,False,12.68089972,11.9765269,10.4808247,13.66708662,10.0380062,14.25549517,0.05285857719
loc99_o2015_h5,99,Uruguay,2015,2020,5,Q4,test_temporal_seen_country,daly,extra_trees,94a0f9db0d5a,True,False,12.64581594,12.43340426,10.8850414,14.18348519,10.42663216,14.79261041,0.01568848998
loc99_o2016_h5,99,Uruguay,2016,2021,5,Q4,test_temporal_seen_country,daly,extra_trees,94a0f9db0d5a,True,False,13.59256548,12.36165258,10.82155997,14.10238582,10.36559922,14.70825753,0.08812332919
loc99_o2017_h5,99,Uruguay,2017,2022,5,Q4,test_temporal_seen_country,daly,extra_trees,94a0f9db0d5a,True,False,16.13712864,13.29488735,11.64722811,15.15720082,11.15942112,15.80538919,0.1813454297
loc99_o2018_h5,99,Uruguay,2018,2023,5,Q4,test_temporal_seen_country,daly,extra_trees,94a0f9db0d5a,True,False,15.3513656,14.23160935,12.47598153,16.21595735,11.9562093,16.90662052,0.07093858629
loc101_o2014_h5,101,Canada,2014,2019,5,Q5,test_temporal_seen_country,daly,extra_trees,94a0f9db0d5a,True,False,20.36212472,19.85554937,17.45169422,22.57257467,16.74000741,23.51825016,0.02399941134
loc101_o2015_h5,101,Canada,2015,2020,5,Q5,test_temporal_seen_country,daly,extra_trees,94a0f9db0d5a,True,False,20.76741566,20.53146502,18.04970238,23.33654744,17.31495024,24.31287171,0.01089880266
loc101_o2016_h5,101,Canada,2016,2021,5,Q5,test_temporal_seen_country,daly,extra_trees,94a0f9db0d5a,True,False,20.98991485,20.79412439,18.28208707,23.63342563,17.53837179,24.62165994,0.008943522349
loc101_o2017_h5,101,Canada,2017,2022,5,Q5,test_temporal_seen_country,daly,extra_trees,94a0f9db0d5a,True,False,20.79510723,20.9249129,18.39780062,23.78125305,17.64962224,24.77541784,0.005938060235
loc101_o2018_h5,101,Canada,2018,2023,5,Q5,test_temporal_seen_country,daly,extra_trees,94a0f9db0d5a,True,False,21.28682768,20.9958788,18.46058684,23.86146426,17.70998678,24.85884694,0.01314070808
loc102_o2014_h5,102,United States of America,2014,2019,5,Q5,test_temporal_seen_country,daly,extra_trees,94a0f9db0d5a,True,False,25.49346437,25.56292047,22.50122153,29.0234923,21.5947731,30.22796323,0.002618200984
loc102_o2015_h5,102,United States of America,2015,2020,5,Q5,test_temporal_seen_country,daly,extra_trees,94a0f9db0d5a,True,False,25.95441868,25.95537772,22.84844332,29.46707821,21.92860245,30.68934476,3.557925142e-05
loc102_o2016_h5,102,United States of America,2016,2021,5,Q5,test_temporal_seen_country,daly,extra_trees,94a0f9db0d5a,True,False,26.02120493,26.55263286,23.37685756,30.14214273,22.43663561,31.39149126,0.01947617206
loc102_o2017_h5,102,United States of America,2017,2022,5,Q5,test_temporal_seen_country,daly,extra_trees,94a0f9db0d5a,True,False,25.81507543,26.92264104,23.70421781,30.56035495,22.75136949,31.82648115,0.0404736212
loc102_o2018_h5,102,United States of America,2018,2023,5,Q5,test_temporal_seen_country,daly,extra_trees,94a0f9db0d5a,True,False,25.91278742,26.97022574,23.7463178,30.6141389,22.79184567,31.88242279,0.03853903577
loc105_o2014_h5,105,Antigua and Barbuda,2014,2019,5,Q4,test_temporal_seen_country,daly,extra_trees,94a0f9db0d5a,True,False,8.721481903,8.167003994,7.110395539,9.361265592,6.797575403,9.776934866,0.05872755127
loc105_o2015_h5,105,Antigua and Barbuda,2015,2020,5,Q4,test_temporal_seen_country,daly,extra_trees,94a0f9db0d5a,True,False,8.666278331,9.122350099,7.955626411,10.44107255,7.610205494,10.90006111,0.04610249227
loc105_o2016_h5,105,Antigua and Barbuda,2016,2021,5,Q4,test_temporal_seen_country,daly,extra_trees,94a0f9db0d5a,True,False,8.32567821,10.11059684,8.829965726,11.55806639,8.450821306,12.06186608,0.1751276304
loc105_o2017_h5,105,Antigua and Barbuda,2017,2022,5,Q4,test_temporal_seen_country,daly,extra_trees,94a0f9db0d5a,True,False,8.836534721,9.441313936,8.237825795,10.80159045,7.881520372,11.27504213,0.05966694393
loc105_o2018_h5,105,Antigua and Barbuda,2018,2023,5,Q4,test_temporal_seen_country,daly,extra_trees,94a0f9db0d5a,True,False,9.532046914,9.30741475,8.119360115,10.65024711,7.767623945,11.11762725,0.02155918115
loc106_o2014_h5,106,Bahamas,2014,2019,5,Q4,test_temporal_seen_country,daly,extra_trees,94a0f9db0d5a,True,False,18.85694805,16.58911029,14.56175188,18.88058949,13.96153092,19.67815134,0.1212739964
loc106_o2015_h5,106,Bahamas,2015,2020,5,Q4,test_temporal_seen_country,daly,extra_trees,94a0f9db0d5a,True,False,19.69365869,16.81007448,14.75724726,19.13034051,14.149486,19.93792178,0.1500630307
loc106_o2016_h5,106,Bahamas,2016,2021,5,Q4,test_temporal_seen_country,daly,extra_trees,94a0f9db0d5a,True,False,25.56216766,17.09125919,15.00602203,19.44815749,14.38866546,20.26848882,0.3840590307
loc106_o2017_h5,106,Bahamas,2017,2022,5,Q4,test_temporal_seen_country,daly,extra_trees,94a0f9db0d5a,True,False,20.62269644,17.25833282,15.15383839,19.63699718,14.5307805,20.46490431,0.1691219555
loc106_o2018_h5,106,Bahamas,2018,2023,5,Q4,test_temporal_seen_country,daly,extra_trees,94a0f9db0d5a,True,False,20.23516493,17.5010045,15.36853922,19.91128372,14.73720026,20.75019457,0.1378335028
loc107_o2014_h5,107,Barbados,2014,2019,5,Q4,test_temporal_seen_country,daly,extra_trees,94a0f9db0d5a,True,False,10.17568895,9.561799706,8.344424118,10.9377729,7.984007169,11.41668789,0.05649709899
loc107_o2015_h5,107,Barbados,2015,2020,5,Q4,test_temporal_seen_country,daly,extra_trees,94a0f9db0d5a,True,False,10.70612855,9.751624933,8.512369684,11.15232824,8.145475029,11.63985067,0.08505561274
loc107_o2016_h5,107,Barbados,2016,2021,5,Q4,test_temporal_seen_country,daly,extra_trees,94a0f9db0d5a,True,False,11.42450439,9.973185649,8.708392839,11.4027535,8.333937518,11.9003224,0.1242160545
loc107_o2017_h5,107,Barbados,2017,2022,5,Q4,test_temporal_seen_country,daly,extra_trees,94a0f9db0d5a,True,False,11.85816058,10.46066779,9.13968675,11.95374399,8.748596307,12.47341731,0.115057693
loc107_o2018_h5,107,Barbados,2018,2023,5,Q4,test_temporal_seen_country,daly,extra_trees,94a0f9db0d5a,True,False,12.36525957,10.7184671,9.367771559,12.24512895,8.967883824,12.77649194,0.1314927887
loc108_o2014_h5,108,Belize,2014,2019,5,Q2,test_temporal_seen_country,daly,extra_trees,94a0f9db0d5a,True,False,10.49404147,9.756807113,8.516954555,11.15818554,8.14988306,11.64594296,0.0662899937
loc108_o2015_h5,108,Belize,2015,2020,5,Q2,test_temporal_seen_country,daly,extra_trees,94a0f9db0d5a,True,False,10.63172021,10.03027841,8.758904969,11.46728421,8.382501382,11.96744193,0.05309179227
loc108_o2016_h5,108,Belize,2016,2021,5,Q2,test_temporal_seen_country,daly,extra_trees,94a0f9db0d5a,True,False,10.97863847,10.85221448,9.486102927,12.3963007,9.081651119,12.93372835,0.01061021028
loc108_o2017_h5,108,Belize,2017,2022,5,Q2,test_temporal_seen_country,daly,extra_trees,94a0f9db0d5a,True,False,10.62803761,11.01932946,9.633955883,12.58518714,9.223801347,13.13019246,0.03309692566
loc108_o2018_h5,108,Belize,2018,2023,5,Q2,test_temporal_seen_country,daly,extra_trees,94a0f9db0d5a,True,False,11.27037095,11.1920652,9.786781732,12.7804266,9.370732662,13.33326446,0.006402143554
loc109_o2014_h5,109,Cuba,2014,2019,5,Q3,test_temporal_seen_country,daly,extra_trees,94a0f9db0d5a,True,False,6.415327323,6.495841134,5.631854478,7.472386494,5.376062069,7.812278441,0.0107992334
loc109_o2015_h5,109,Cuba,2015,2020,5,Q3,test_temporal_seen_country,daly,extra_trees,94a0f9db0d5a,True,False,6.151509441,6.739999448,5.847870583,7.748353334,5.583746375,8.099316414,0.07907817114
loc109_o2016_h5,109,Cuba,2016,2021,5,Q3,test_temporal_seen_country,daly,extra_trees,94a0f9db0d5a,True,False,6.568322164,7.137353728,6.19942496,8.19747425,5.921741205,8.56645499,0.07249363221
loc109_o2017_h5,109,Cuba,2017,2022,5,Q3,test_temporal_seen_country,daly,extra_trees,94a0f9db0d5a,True,False,5.450089094,7.253387344,6.302084294,8.328624527,6.020440941,8.702866704,0.2465297594
loc109_o2018_h5,109,Cuba,2018,2023,5,Q3,test_temporal_seen_country,daly,extra_trees,94a0f9db0d5a,True,False,5.87896778,7.346153379,6.384157918,8.433475963,6.099348963,8.811924529,0.1933321509
loc110_o2014_h5,110,Dominica,2014,2019,5,Q4,test_temporal_seen_country,daly,extra_trees,94a0f9db0d5a,True,False,12.07760742,11.61294252,10.15914783,13.2561351,9.728736503,13.82805725,0.03617793922
loc110_o2015_h5,110,Dominica,2015,2020,5,Q4,test_temporal_seen_country,daly,extra_trees,94a0f9db0d5a,True,False,12.63308603,11.53094134,10.08659828,13.16345094,9.658985208,13.73165483,0.08429874181
loc110_o2016_h5,110,Dominica,2016,2021,5,Q4,test_temporal_seen_country,daly,extra_trees,94a0f9db0d5a,True,False,12.53650332,11.55133062,10.10463745,13.1864965,9.676328602,13.75562492,0.07556330023
loc110_o2017_h5,110,Dominica,2017,2022,5,Q4,test_temporal_seen_country,daly,extra_trees,94a0f9db0d5a,True,False,12.2784575,11.52337746,10.07990623,13.15490165,9.652551267,13.72276255,0.0585458907
loc110_o2018_h5,110,Dominica,2018,2023,5,Q4,test_temporal_seen_country,daly,extra_trees,94a0f9db0d5a,True,False,12.89241287,11.50578897,10.06434503,13.13502176,9.637590265,13.70208513,0.1051511999
loc111_o2014_h5,111,Dominican Republic,2014,2019,5,Q3,test_temporal_seen_country,daly,extra_trees,94a0f9db0d5a,True,False,6.892768274,6.229315339,5.396049015,7.171138173,5.149351686,7.498944756,0.08780259752
loc111_o2015_h5,111,Dominican Republic,2015,2020,5,Q3,test_temporal_seen_country,daly,extra_trees,94a0f9db0d5a,True,False,7.526974249,6.487029103,5.624058141,7.462426446,5.368566438,7.80191882,0.1300625094
loc111_o2016_h5,111,Dominican Republic,2016,2021,5,Q3,test_temporal_seen_country,daly,extra_trees,94a0f9db0d5a,True,False,7.889052478,6.936006076,6.021285069,7.969895371,5.750472217,8.329746189,0.1134103253
loc111_o2017_h5,111,Dominican Republic,2017,2022,5,Q3,test_temporal_seen_country,daly,extra_trees,94a0f9db0d5a,True,False,8.242261593,7.347454244,6.385308843,8.434946302,6.100455496,8.813453855,0.1018300054
loc111_o2018_h5,111,Dominican Republic,2018,2023,5,Q3,test_temporal_seen_country,daly,extra_trees,94a0f9db0d5a,True,False,8.678236488,7.774090425,6.762770026,8.917163915,6.4633579,9.315016889,0.09807659495
loc112_o2014_h5,112,Grenada,2014,2019,5,Q3,test_temporal_seen_country,daly,extra_trees,94a0f9db0d5a,True,False,6.46722751,6.097589681,5.279506338,7.022251523,5.037304091,7.344085128,0.05076853547
loc112_o2015_h5,112,Grenada,2015,2020,5,Q3,test_temporal_seen_country,daly,extra_trees,94a0f9db0d5a,True,False,6.311336366,6.391873979,5.5398708,7.354874676,5.287626226,7.690052329,0.01095521555
loc112_o2016_h5,112,Grenada,2016,2021,5,Q3,test_temporal_seen_country,daly,extra_trees,94a0f9db0d5a,True,False,6.274526508,6.799766,5.900748315,7.81590617,5.634584598,8.169579309,0.06971500707
loc112_o2017_h5,112,Grenada,2017,2022,5,Q3,test_temporal_seen_country,daly,extra_trees,94a0f9db0d5a,True,False,6.348257922,6.685393893,5.799558981,7.686633861,5.537298164,8.035120902,0.04485836276
loc112_o2018_h5,112,Grenada,2018,2023,5,Q3,test_temporal_seen_country,daly,extra_trees,94a0f9db0d5a,True,False,6.730929346,6.776423558,5.880096373,7.789522716,5.614729207,8.142137413,0.005867454402
loc114_o2014_h5,114,Haiti,2014,2019,5,Q1,test_temporal_seen_country,daly,extra_trees,94a0f9db0d5a,True,False,3.695265643,3.594324902,3.064773203,4.19286569,2.907993808,4.401191082,0.02173286622
loc114_o2015_h5,114,Haiti,2015,2020,5,Q1,test_temporal_seen_country,daly,extra_trees,94a0f9db0d5a,True,False,3.769237596,3.727964504,3.183009219,4.343915631,3.02166943,4.558300786,0.00869168646
loc114_o2016_h5,114,Haiti,2016,2021,5,Q1,test_temporal_seen_country,daly,extra_trees,94a0f9db0d5a,True,False,4.098569462,3.869615797,3.308333482,4.504021012,3.142159901,4.724829214,0.04594496051
loc114_o2017_h5,114,Haiti,2017,2022,5,Q1,test_temporal_seen_country,daly,extra_trees,94a0f9db0d5a,True,False,4.446650695,4.051368086,3.469136614,4.709451679,3.296760813,4.938501268,0.07534175357
loc114_o2018_h5,114,Haiti,2018,2023,5,Q1,test_temporal_seen_country,daly,extra_trees,94a0f9db0d5a,True,False,4.778012923,4.250563083,3.64537197,4.934597459,3.466198724,5.17267936,0.09572451388
loc115_o2014_h5,115,Jamaica,2014,2019,5,Q3,test_temporal_seen_country,daly,extra_trees,94a0f9db0d5a,True,False,5.149477378,5.03466235,4.339094281,5.820847837,4.13316398,6.094483991,0.0188471946
loc115_o2015_h5,115,Jamaica,2015,2020,5,Q3,test_temporal_seen_country,daly,extra_trees,94a0f9db0d5a,True,False,5.346194497,5.443867273,4.70113337,6.283363277,4.481239124,6.575554448,0.01527352659
loc115_o2016_h5,115,Jamaica,2016,2021,5,Q3,test_temporal_seen_country,daly,extra_trees,94a0f9db0d5a,True,False,5.676986265,5.901063029,5.105631768,6.800121714,4.87013591,7.113044002,0.03300873408
loc115_o2017_h5,115,Jamaica,2017,2022,5,Q3,test_temporal_seen_country,daly,extra_trees,94a0f9db0d5a,True,False,5.56549476,6.274787939,5.436280346,7.222534866,5.188031284,7.552403362,0.1025867951
loc115_o2018_h5,115,Jamaica,2018,2023,5,Q3,test_temporal_seen_country,daly,extra_trees,94a0f9db0d5a,True,False,5.602212682,6.340805844,5.494688886,7.297153471,5.244186991,7.630015487,0.1060437769
loc116_o2014_h5,116,Saint Lucia,2014,2019,5,Q3,test_temporal_seen_country,daly,extra_trees,94a0f9db0d5a,True,False,6.092691445,6.211155679,5.379982477,7.150612705,5.133904838,7.477595855,0.01656434692
loc116_o2015_h5,116,Saint Lucia,2015,2020,5,Q3,test_temporal_seen_country,daly,extra_trees,94a0f9db0d5a,True,False,6.163123848,6.465120806,5.604675041,7.437663974,5.34993095,7.776162937,0.0412954364
loc116_o2016_h5,116,Saint Lucia,2016,2021,5,Q3,test_temporal_seen_country,daly,extra_trees,94a0f9db0d5a,True,False,6.719260007,6.788327965,5.890628652,7.802978008,5.624855253,8.156132499,0.00890769268
loc116_o2017_h5,116,Saint Lucia,2017,2022,5,Q3,test_temporal_seen_country,daly,extra_trees,94a0f9db0d5a,True,False,6.539372199,6.561213634,5.689692004,7.54627561,5.431668786,7.889131813,0.002892794974
loc116_o2018_h5,116,Saint Lucia,2018,2023,5,Q3,test_temporal_seen_country,daly,extra_trees,94a0f9db0d5a,True,False,6.910625024,6.560807606,5.689332776,7.545816686,5.431323413,7.888654478,0.04522878496
loc117_o2014_h5,117,Saint Vincent and the Grenadines,2014,2019,5,Q3,test_temporal_seen_country,daly,extra_trees,94a0f9db0d5a,True,False,6.409304424,5.96319847,5.160605345,6.870352054,4.922989141,7.186091815,0.06209764596
loc117_o2015_h5,117,Saint Vincent and the Grenadines,2015,2020,5,Q3,test_temporal_seen_country,daly,extra_trees,94a0f9db0d5a,True,False,6.041524849,6.327304176,5.48274345,7.281892829,5.232702293,7.614142625,0.03978292417
loc117_o2016_h5,117,Saint Vincent and the Grenadines,2016,2021,5,Q3,test_temporal_seen_country,daly,extra_trees,94a0f9db0d5a,True,False,5.503151464,6.954837786,6.037946196,7.991180444,5.76649072,8.351885168,0.2014933701
loc117_o2017_h5,117,Saint Vincent and the Grenadines,2017,2022,5,Q3,test_temporal_seen_country,daly,extra_trees,94a0f9db0d5a,True,False,5.68073805,6.956458145,6.039379788,7.9930119,5.767869018,8.353790098,0.1747554761
loc117_o2018_h5,117,Saint Vincent and the Grenadines,2018,2023,5,Q3,test_temporal_seen_country,daly,extra_trees,94a0f9db0d5a,True,False,6.102094644,7.132427614,6.195066641,8.191906371,5.917550987,8.560663741,0.1354697177
loc118_o2014_h5,118,Suriname,2014,2019,5,Q3,test_temporal_seen_country,daly,extra_trees,94a0f9db0d5a,True,False,7.898807754,7.734344453,6.72760526,8.872239905,6.429549448,9.268290635,0.01865441518
loc118_o2015_h5,118,Suriname,2015,2020,5,Q3,test_temporal_seen_country,daly,extra_trees,94a0f9db0d5a,True,False,8.129779212,7.67260006,6.672977658,8.802451559,6.377028847,9.195702546,0.05137287415
loc118_o2016_h5,118,Suriname,2016,2021,5,Q3,test_temporal_seen_country,daly,extra_trees,94a0f9db0d5a,True,False,9.294557101,7.69446875,6.692325715,8.827169264,6.395630645,9.221411867,0.1689282712
loc118_o2017_h5,118,Suriname,2017,2022,5,Q3,test_temporal_seen_country,daly,extra_trees,94a0f9db0d5a,True,False,8.276994644,7.807029187,6.791912197,8.954393883,6.491376049,9.353740434,0.05198746745
loc118_o2018_h5,118,Suriname,2018,2023,5,Q3,test_temporal_seen_country,daly,extra_trees,94a0f9db0d5a,True,False,8.510025289,7.808899419,6.793566861,8.956507765,6.492966893,9.35593912,0.07658402766
loc119_o2014_h5,119,Trinidad and Tobago,2014,2019,5,Q4,test_temporal_seen_country,daly,extra_trees,94a0f9db0d5a,True,False,9.604503809,8.83994232,7.705769556,10.12187317,7.369985684,10.56805621,0.07482894925
loc119_o2015_h5,119,Trinidad and Tobago,2015,2020,5,Q4,test_temporal_seen_country,daly,extra_trees,94a0f9db0d5a,True,False,10.11697026,9.24989765,8.068472559,10.58523678,7.718699135,11.05000886,0.08120507292
loc119_o2016_h5,119,Trinidad and Tobago,2016,2021,5,Q4,test_temporal_seen_country,daly,extra_trees,94a0f9db0d5a,True,False,11.45947253,9.434110644,8.23145277,10.79344873,7.875393156,11.26657378,0.1774008707
loc119_o2017_h5,119,Trinidad and Tobago,2017,2022,5,Q4,test_temporal_seen_country,daly,extra_trees,94a0f9db0d5a,True,False,11.38267298,9.934196539,8.673897697,11.35868496,8.300772863,11.85448593,0.1244029795
loc119_o2018_h5,119,Trinidad and Tobago,2018,2023,5,Q4,test_temporal_seen_country,daly,extra_trees,94a0f9db0d5a,True,False,11.71725923,10.14895436,8.863902073,11.60142106,8.483448719,12.10696003,0.1316143513
loc121_o2014_h5,121,Bolivia (Plurinational State of),2014,2019,5,Q2,test_temporal_seen_country,daly,extra_trees,94a0f9db0d5a,True,False,14.33545598,12.71462812,11.13385079,14.50134641,10.66584491,15.12322347,0.1117045229
loc121_o2015_h5,121,Bolivia (Plurinational State of),2015,2020,5,Q2,test_temporal_seen_country,daly,extra_trees,94a0f9db0d5a,True,False,18.0011136,12.67608901,11.09975379,14.45778649,10.63306303,15.07791603,0.3288486075
loc121_o2016_h5,121,Bolivia (Plurinational State of),2016,2021,5,Q2,test_temporal_seen_country,daly,extra_trees,94a0f9db0d5a,True,False,17.1534437,13.08605959,11.46247028,14.92116733,10.98178945,15.55988661,0.253674652
loc121_o2017_h5,121,Bolivia (Plurinational State of),2017,2022,5,Q2,test_temporal_seen_country,daly,extra_trees,94a0f9db0d5a,True,False,15.54672045,13.52652794,11.85216931,15.41901915,11.35645769,16.07771106,0.1302114311
loc121_o2018_h5,121,Bolivia (Plurinational State of),2018,2023,5,Q2,test_temporal_seen_country,daly,extra_trees,94a0f9db0d5a,True,False,15.95380425,14.0757389,12.33807704,16.03978038,11.82362383,16.72337574,0.1174054917
loc122_o2014_h5,122,Ecuador,2014,2019,5,Q3,test_temporal_seen_country,daly,extra_trees,94a0f9db0d5a,True,False,11.86373275,10.86578,9.498104855,12.41163351,9.09319013,12.94967628,0.08075331024
loc122_o2015_h5,122,Ecuador,2015,2020,5,Q3,test_temporal_seen_country,daly,extra_trees,94a0f9db0d5a,True,False,10.92531344,11.84266476,10.3623918,13.51578516,9.924141292,14.09812385,0.07410949233
loc122_o2016_h5,122,Ecuador,2016,2021,5,Q3,test_temporal_seen_country,daly,extra_trees,94a0f9db0d5a,True,False,11.5080867,12.43458736,10.88608813,14.18482241,10.42763851,14.79400129,0.07145715635
loc122_o2017_h5,122,Ecuador,2017,2022,5,Q3,test_temporal_seen_country,daly,extra_trees,94a0f9db0d5a,True,False,11.27877221,11.59088991,10.13963705,13.2312095,9.709978253,13.8021317,0.02510159428
loc122_o2018_h5,122,Ecuador,2018,2023,5,Q3,test_temporal_seen_country,daly,extra_trees,94a0f9db0d5a,True,False,12.05135503,11.49426463,10.05414901,13.12199605,9.627787507,13.68853686,0.04362225307
loc125_o2014_h5,125,Colombia,2014,2019,5,Q3,test_temporal_seen_country,daly,extra_trees,94a0f9db0d5a,True,False,8.120713996,9.581508775,8.361861478,10.96004964,8.000771965,11.43985831,0.1485599325
loc125_o2015_h5,125,Colombia,2015,2020,5,Q3,test_temporal_seen_country,daly,extra_trees,94a0f9db0d5a,True,False,8.075989263,9.851292302,8.600549179,11.2649801,8.230253417,11.75702186,0.1786517951
loc125_o2016_h5,125,Colombia,2016,2021,5,Q3,test_temporal_seen_country,daly,extra_trees,94a0f9db0d5a,True,False,8.557172806,9.895859795,8.639979728,11.31535377,8.268163119,11.8094164,0.13109093
loc125_o2017_h5,125,Colombia,2017,2022,5,Q3,test_temporal_seen_country,daly,extra_trees,94a0f9db0d5a,True,False,8.287547635,9.585832251,8.36568662,10.96493637,8.00444957,11.44494109,0.130841988
loc125_o2018_h5,125,Colombia,2018,2023,5,Q3,test_temporal_seen_country,daly,extra_trees,94a0f9db0d5a,True,False,8.676580878,9.292358906,8.10603964,10.63322982,7.754817244,11.09992726,0.06169314229
loc126_o2014_h5,126,Costa Rica,2014,2019,5,Q3,test_temporal_seen_country,daly,extra_trees,94a0f9db0d5a,True,False,19.21516395,19.4718725,17.11224076,22.13891303,16.41364677,23.06719105,0.01261885757
loc126_o2015_h5,126,Costa Rica,2015,2020,5,Q3,test_temporal_seen_country,daly,extra_trees,94a0f9db0d5a,True,False,17.65841928,20.25239294,17.80279675,23.02111833,17.07756782,23.98478833,0.1301720177
loc126_o2016_h5,126,Costa Rica,2016,2021,5,Q3,test_temporal_seen_country,daly,extra_trees,94a0f9db0d5a,True,False,18.22241943,21.09569583,18.54889875,23.97428528,17.79489247,24.97619407,0.1393055545
loc126_o2017_h5,126,Costa Rica,2017,2022,5,Q3,test_temporal_seen_country,daly,extra_trees,94a0f9db0d5a,True,False,20.01298442,20.59758609,18.1082022,23.41128266,17.3711937,24.39060512,0.02744100095
loc126_o2018_h5,126,Costa Rica,2018,2023,5,Q3,test_temporal_seen_country,daly,extra_trees,94a0f9db0d5a,True,False,22.0790978,20.52059594,18.0400861,23.32426237,17.30570486,24.30009378,0.06991692337
loc127_o2014_h5,127,El Salvador,2014,2019,5,Q2,test_temporal_seen_country,daly,extra_trees,94a0f9db0d5a,True,False,7.040282951,7.082485497,6.150880959,8.13545788,5.875069559,8.501950671,0.005235160694
loc127_o2015_h5,127,El Salvador,2015,2020,5,Q2,test_temporal_seen_country,daly,extra_trees,94a0f9db0d5a,True,False,7.340236197,7.268693085,6.315625863,8.345924275,6.033460208,8.720860476,0.008615071247
loc127_o2016_h5,127,El Salvador,2016,2021,5,Q2,test_temporal_seen_country,daly,extra_trees,94a0f9db0d5a,True,False,7.990252253,7.32395737,6.364520268,8.408388296,6.080468742,8.785830404,0.07700312025
loc127_o2017_h5,127,El Salvador,2017,2022,5,Q2,test_temporal_seen_country,daly,extra_trees,94a0f9db0d5a,True,False,8.055067002,7.5944535,6.603838436,8.714124198,6.310556345,9.103831702,0.05220743745
loc127_o2018_h5,127,El Salvador,2018,2023,5,Q2,test_temporal_seen_country,daly,extra_trees,94a0f9db0d5a,True,False,8.408518101,7.900000252,6.874167218,9.059477059,6.570458472,9.463039296,0.05556415482
loc128_o2014_h5,128,Guatemala,2014,2019,5,Q2,test_temporal_seen_country,daly,extra_trees,94a0f9db0d5a,True,False,17.96165425,16.74978256,14.70390472,19.06219387,14.0982009,19.86704126,0.06604547665
loc128_o2015_h5,128,Guatemala,2015,2020,5,Q2,test_temporal_seen_country,daly,extra_trees,94a0f9db0d5a,True,False,17.86328244,17.18028314,15.08478489,19.54877933,14.46439041,20.37314737,0.0368796415
loc128_o2016_h5,128,Guatemala,2016,2021,5,Q2,test_temporal_seen_country,daly,extra_trees,94a0f9db0d5a,True,False,19.21288309,17.6323572,15.48475192,20.05974882,14.84893061,20.90461573,0.08142047419
loc128_o2017_h5,128,Guatemala,2017,2022,5,Q2,test_temporal_seen_country,daly,extra_trees,94a0f9db0d5a,True,False,19.67371401,18.00138962,15.81124887,20.47685815,15.16283449,21.3384585,0.08435092467
loc128_o2018_h5,128,Guatemala,2018,2023,5,Q2,test_temporal_seen_country,daly,extra_trees,94a0f9db0d5a,True,False,19.46680325,18.47230022,16.22788132,21.00911818,15.56339731,21.89207153,0.04981126541
loc129_o2014_h5,129,Honduras,2014,2019,5,Q2,test_temporal_seen_country,daly,extra_trees,94a0f9db0d5a,True,False,6.066628221,6.117959951,5.297528687,7.045275596,5.054631313,7.368032873,0.007237708075
loc129_o2015_h5,129,Honduras,2015,2020,5,Q2,test_temporal_seen_country,daly,extra_trees,94a0f9db0d5a,True,False,5.708348443,6.356205556,5.508313595,7.314559431,5.25728619,7.648119733,0.09219146325
loc129_o2016_h5,129,Honduras,2016,2021,5,Q2,test_temporal_seen_country,daly,extra_trees,94a0f9db0d5a,True,False,6.360255928,6.491121896,5.62767919,7.467052441,5.372047822,7.806730399,0.01762386717
loc129_o2017_h5,129,Honduras,2017,2022,5,Q2,test_temporal_seen_country,daly,extra_trees,94a0f9db0d5a,True,False,6.637011528,6.63485994,5.75484968,7.629516431,5.494313312,7.975712057,0.0002817713466
loc129_o2018_h5,129,Honduras,2018,2023,5,Q2,test_temporal_seen_country,daly,extra_trees,94a0f9db0d5a,True,False,6.849271236,6.745163584,5.852439491,7.754190246,5.588139058,8.105387488,0.01335209637
loc130_o2014_h5,130,Mexico,2014,2019,5,Q3,test_temporal_seen_country,daly,extra_trees,94a0f9db0d5a,True,False,14.36033872,14.22975255,12.47433875,16.21385866,11.95462988,16.90443763,0.008537860419
loc130_o2015_h5,130,Mexico,2015,2020,5,Q3,test_temporal_seen_country,daly,extra_trees,94a0f9db0d5a,True,False,13.62404783,14.54860404,12.75643873,16.57424957,12.22584919,17.27928656,0.06130357627
loc130_o2016_h5,130,Mexico,2016,2021,5,Q3,test_temporal_seen_country,daly,extra_trees,94a0f9db0d5a,True,False,13.74659706,14.75656913,12.94043333,16.809308,12.40274707,17.52377498,0.06624501738
loc130_o2017_h5,130,Mexico,2017,2022,5,Q3,test_temporal_seen_country,daly,extra_trees,94a0f9db0d5a,True,False,13.01270725,15.11257325,13.25540365,17.21169173,12.7055689,17.94230139,0.1396353361
loc130_o2018_h5,130,Mexico,2018,2023,5,Q3,test_temporal_seen_country,daly,extra_trees,94a0f9db0d5a,True,False,13.01939095,15.36502203,13.47875464,17.4970291,12.92030518,18.23908581,0.154704815
loc131_o2014_h5,131,Nicaragua,2014,2019,5,Q2,test_temporal_seen_country,daly,extra_trees,94a0f9db0d5a,True,False,15.16655187,13.54556151,11.86900903,15.44053238,11.37264789,16.10008734,0.1056585124
loc131_o2015_h5,131,Nicaragua,2015,2020,5,Q2,test_temporal_seen_country,daly,extra_trees,94a0f9db0d5a,True,False,15.33954168,13.64082764,11.95329458,15.54820962,11.45368253,16.21208433,0.1097740007
loc131_o2016_h5,131,Nicaragua,2016,2021,5,Q2,test_temporal_seen_country,daly,extra_trees,94a0f9db0d5a,True,False,16.10566953,13.68312664,11.99071811,15.59601926,11.48966262,16.26181199,0.1527109732
loc131_o2017_h5,131,Nicaragua,2017,2022,5,Q2,test_temporal_seen_country,daly,extra_trees,94a0f9db0d5a,True,False,14.93325459,14.21388874,12.46030343,16.19592813,11.94113591,16.88578777,0.04619966556
loc131_o2018_h5,131,Nicaragua,2018,2023,5,Q2,test_temporal_seen_country,daly,extra_trees,94a0f9db0d5a,True,False,13.57886019,15.39805291,13.50797832,17.53436319,12.9484017,18.27791766,0.117590056
loc132_o2014_h5,132,Panama,2014,2019,5,Q3,test_temporal_seen_country,daly,extra_trees,94a0f9db0d5a,True,False,11.54714433,10.96172309,9.582989345,12.52007591,9.174800602,13.06246913,0.04778128691
loc132_o2015_h5,132,Panama,2015,2020,5,Q3,test_temporal_seen_country,daly,extra_trees,94a0f9db0d5a,True,False,10.89591173,11.57350206,10.12425336,13.2115564,9.695187921,13.78169016,0.05539679931
loc132_o2016_h5,132,Panama,2016,2021,5,Q3,test_temporal_seen_country,daly,extra_trees,94a0f9db0d5a,True,False,9.92513727,11.8466796,10.36594388,13.52032304,9.92755637,14.10284379,0.1620190757
loc132_o2017_h5,132,Panama,2017,2022,5,Q3,test_temporal_seen_country,daly,extra_trees,94a0f9db0d5a,True,False,10.27208547,12.38908274,10.84582847,14.13338953,10.38893168,14.74050504,0.1721102964
loc132_o2018_h5,132,Panama,2018,2023,5,Q3,test_temporal_seen_country,daly,extra_trees,94a0f9db0d5a,True,False,10.85331748,12.78290034,11.19425381,14.57851301,10.72391817,15.20348582,0.1508209332
loc133_o2014_h5,133,Venezuela (Bolivarian Republic of),2014,2019,5,Q2,test_temporal_seen_country,daly,extra_trees,94a0f9db0d5a,True,False,10.64616834,9.27209752,8.088113624,10.61032881,7.737582639,11.07610752,0.1255459873
loc133_o2015_h5,133,Venezuela (Bolivarian Republic of),2015,2020,5,Q2,test_temporal_seen_country,daly,extra_trees,94a0f9db0d5a,True,False,11.16219654,9.715595231,8.480492842,11.11160465,8.114827685,11.59749335,0.126632318
loc133_o2016_h5,133,Venezuela (Bolivarian Republic of),2016,2021,5,Q2,test_temporal_seen_country,daly,extra_trees,94a0f9db0d5a,True,False,11.60131814,9.917523519,8.659146444,11.33983981,8.28659057,11.83488476,0.1434322619
loc133_o2017_h5,133,Venezuela (Bolivarian Republic of),2017,2022,5,Q2,test_temporal_seen_country,daly,extra_trees,94a0f9db0d5a,True,False,11.96636061,10.1844618,8.89531685,11.64155435,8.51365182,12.14870337,0.1478328825
loc133_o2018_h5,133,Venezuela (Bolivarian Republic of),2018,2023,5,Q2,test_temporal_seen_country,daly,extra_trees,94a0f9db0d5a,True,False,12.1264966,10.99098247,9.608876221,12.55314715,9.199689014,13.0968671,0.09047792236
loc135_o2014_h5,135,Brazil,2014,2019,5,Q3,test_temporal_seen_country,daly,extra_trees,94a0f9db0d5a,True,False,7.346617015,8.433320195,7.346015565,9.662277012,7.024107502,10.09002215,0.1223918144
loc135_o2015_h5,135,Brazil,2015,2020,5,Q3,test_temporal_seen_country,daly,extra_trees,94a0f9db0d5a,True,False,7.239116115,8.950213714,7.803330834,10.24651053,7.463783998,10.69769373,0.1887009592
loc135_o2016_h5,135,Brazil,2016,2021,5,Q3,test_temporal_seen_country,daly,extra_trees,94a0f9db0d5a,True,False,7.402979728,8.863917009,7.726980871,10.14897124,7.390378874,10.59624139,0.1602969799
loc135_o2017_h5,135,Brazil,2017,2022,5,Q3,test_temporal_seen_country,daly,extra_trees,94a0f9db0d5a,True,False,7.533979642,8.547143717,7.446719545,9.790929267,7.120927302,10.22383562,0.1121862233
loc135_o2018_h5,135,Brazil,2018,2023,5,Q3,test_temporal_seen_country,daly,extra_trees,94a0f9db0d5a,True,False,7.772480015,8.178122646,7.120232631,9.373832763,6.807033076,9.790006202,0.0452031286
loc139_o2014_h5,139,Algeria,2014,2019,5,Q3,test_temporal_seen_country,daly,extra_trees,94a0f9db0d5a,True,False,7.976361427,7.233579049,6.284559146,8.306235642,6.003591742,8.67957963,0.08637381536
loc139_o2015_h5,139,Algeria,2015,2020,5,Q3,test_temporal_seen_country,daly,extra_trees,94a0f9db0d5a,True,False,7.867162568,7.279830015,6.325479127,8.358512105,6.042933428,8.733953299,0.06853241567
loc139_o2016_h5,139,Algeria,2016,2021,5,Q3,test_temporal_seen_country,daly,extra_trees,94a0f9db0d5a,True,False,8.01762512,7.571205845,6.583270356,8.687847879,6.290781581,9.07650124,0.05077258079
loc139_o2017_h5,139,Algeria,2017,2022,5,Q3,test_temporal_seen_country,daly,extra_trees,94a0f9db0d5a,True,False,8.554328163,7.940630008,6.910113901,9.10539999,6.605018682,9.510804546,0.06638820523
loc139_o2018_h5,139,Algeria,2018,2023,5,Q3,test_temporal_seen_country,daly,extra_trees,94a0f9db0d5a,True,False,9.147219407,8.240698071,7.175595478,9.444560406,6.860260564,9.86357127,0.0935822863
loc141_o2014_h5,141,Egypt,2014,2019,5,Q3,test_temporal_seen_country,daly,extra_trees,94a0f9db0d5a,True,False,132.144469,140.0904367,123.8280517,158.4714575,119.0134002,164.8690722,0.05796630816
loc141_o2015_h5,141,Egypt,2015,2020,5,Q3,test_temporal_seen_country,daly,extra_trees,94a0f9db0d5a,True,False,133.3908516,144.1474706,127.4174632,163.0570347,122.4643671,169.6386118,0.07699790672
loc141_o2016_h5,141,Egypt,2016,2021,5,Q3,test_temporal_seen_country,daly,extra_trees,94a0f9db0d5a,True,False,139.8343781,144.14278,127.4133132,163.051733,122.4603772,169.6330975,0.03013337048
loc141_o2017_h5,141,Egypt,2017,2022,5,Q3,test_temporal_seen_country,daly,extra_trees,94a0f9db0d5a,True,False,167.066135,143.0947765,126.4861049,161.8671975,121.5689316,168.4010412,0.1538863093
loc141_o2018_h5,141,Egypt,2018,2023,5,Q3,test_temporal_seen_country,daly,extra_trees,94a0f9db0d5a,True,False,177.5080218,139.8455701,123.6114089,158.19469,118.8051134,164.5812015,0.2369694975
loc142_o2014_h5,142,Iran (Islamic Republic of),2014,2019,5,Q3,test_temporal_seen_country,daly,extra_trees,94a0f9db0d5a,True,False,17.46861644,17.15558053,15.06292955,19.5208585,14.44337804,20.34410642,0.01709490194
loc142_o2015_h5,142,Iran (Islamic Republic of),2015,2020,5,Q3,test_temporal_seen_country,daly,extra_trees,94a0f9db0d5a,True,False,18.04411831,17.80130791,15.63422901,20.25071014,14.99264233,21.10323797,0.01283186661
loc142_o2016_h5,142,Iran (Islamic Republic of),2016,2021,5,Q3,test_temporal_seen_country,daly,extra_trees,94a0f9db0d5a,True,False,17.2863785,18.0652181,15.86772035,20.54900209,15.21712784,21.41349668,0.04170919449
loc142_o2017_h5,142,Iran (Islamic Republic of),2017,2022,5,Q3,test_temporal_seen_country,daly,extra_trees,94a0f9db0d5a,True,False,17.63062487,16.77590463,14.7270159,19.09171907,14.12042067,19.89775094,0.0469628572
loc142_o2018_h5,142,Iran (Islamic Republic of),2018,2023,5,Q3,test_temporal_seen_country,daly,extra_trees,94a0f9db0d5a,True,False,18.42985096,17.68984977,15.53561777,20.12473142,14.89783455,20.97220528,0.03883000971
loc143_o2014_h5,143,Iraq,2014,2019,5,Q3,test_temporal_seen_country,daly,extra_trees,94a0f9db0d5a,True,False,57.3394428,54.58486721,48.17803672,61.82636862,46.28122663,64.34681275,0.04836742178
loc143_o2015_h5,143,Iraq,2015,2020,5,Q3,test_temporal_seen_country,daly,extra_trees,94a0f9db0d5a,True,False,60.51233084,53.95387557,47.61977452,61.11317246,45.74449675,63.60500486,0.1127434488
loc143_o2016_h5,143,Iraq,2016,2021,5,Q3,test_temporal_seen_country,daly,extra_trees,94a0f9db0d5a,True,False,62.40816631,53.59105239,47.29877112,60.70308131,45.43587454,63.17846183,0.1497226655
loc143_o2017_h5,143,Iraq,2017,2022,5,Q3,test_temporal_seen_country,daly,extra_trees,94a0f9db0d5a,True,False,65.98351531,54.14035162,47.78475694,61.32394229,45.90311576,63.82423028,0.1945647666
loc143_o2018_h5,143,Iraq,2018,2023,5,Q3,test_temporal_seen_country,daly,extra_trees,94a0f9db0d5a,True,False,68.97301199,55.11946359,48.65101438,62.4306113,46.73596141,64.9752962,0.2206269279
loc144_o2014_h5,144,Jordan,2014,2019,5,Q3,test_temporal_seen_country,daly,extra_trees,94a0f9db0d5a,True,False,10.67221598,10.56134268,9.228757638,12.06753463,8.834231707,12.59177297,0.00954430969
loc144_o2015_h5,144,Jordan,2015,2020,5,Q3,test_temporal_seen_country,daly,extra_trees,94a0f9db0d5a,True,False,11.22025508,10.53814553,9.208234242,12.0413154,8.814499904,12.56450188,0.05743627855
loc144_o2016_h5,144,Jordan,2016,2021,5,Q3,test_temporal_seen_country,daly,extra_trees,94a0f9db0d5a,True,False,12.20827048,10.62342574,9.283684867,12.13770576,8.887040378,12.66475919,0.1278206631
loc144_o2017_h5,144,Jordan,2017,2022,5,Q3,test_temporal_seen_country,daly,extra_trees,94a0f9db0d5a,True,False,11.40937338,10.53891364,9.208913811,12.04218357,8.815153262,12.56540488,0.0727269873
loc144_o2018_h5,144,Jordan,2018,2023,5,Q3,test_temporal_seen_country,daly,extra_trees,94a0f9db0d5a,True,False,11.82505611,10.61226844,9.273813581,12.1250949,8.87754983,12.65164242,0.09933860307
loc146_o2014_h5,146,Lebanon,2014,2019,5,Q3,test_temporal_seen_country,daly,extra_trees,94a0f9db0d5a,True,False,25.57807746,20.67396467,18.17577722,23.4976117,17.43616233,24.48039748,0.2039749653
loc146_o2015_h5,146,Lebanon,2015,2020,5,Q3,test_temporal_seen_country,daly,extra_trees,94a0f9db0d5a,True,False,32.94032167,21.15843316,18.60440483,24.04519592,17.84825767,25.04994947,0.426385584
loc146_o2016_h5,146,Lebanon,2016,2021,5,Q3,test_temporal_seen_country,daly,extra_trees,94a0f9db0d5a,True,False,20.65820855,19.80383652,17.4059419,22.51412476,16.69601978,23.45745538,0.04024711259
loc146_o2017_h5,146,Lebanon,2017,2022,5,Q3,test_temporal_seen_country,daly,extra_trees,94a0f9db0d5a,True,False,22.965721,18.89096641,16.59829114,21.48232748,15.91952033,22.38426486,0.1863588383
loc146_o2018_h5,146,Lebanon,2018,2023,5,Q3,test_temporal_seen_country,daly,extra_trees,94a0f9db0d5a,True,False,23.87551322,20.8035661,18.29044051,23.64409739,17.54640304,24.63275983,0.1318103755
loc148_o2014_h5,148,Morocco,2014,2019,5,Q2,test_temporal_seen_country,daly,extra_trees,94a0f9db0d5a,True,False,29.20984498,26.41050371,23.25111052,29.98149724,22.31573867,31.22440105,0.09724157701
loc148_o2015_h5,148,Morocco,2015,2020,5,Q2,test_temporal_seen_country,daly,extra_trees,94a0f9db0d5a,True,False,31.21217462,26.56464065,23.38748131,30.15571488,22.4468496,31.40560789,0.1558106594
loc148_o2016_h5,148,Morocco,2016,2021,5,Q2,test_temporal_seen_country,daly,extra_trees,94a0f9db0d5a,True,False,33.69754962,27.41007831,24.13547202,31.11129471,23.1659901,32.3995233,0.1999251161
loc148_o2017_h5,148,Morocco,2017,2022,5,Q2,test_temporal_seen_country,daly,extra_trees,94a0f9db0d5a,True,False,35.75562032,28.50238561,25.10187764,32.34590593,24.09512121,33.68366418,0.2198200198
loc148_o2018_h5,148,Morocco,2018,2023,5,Q2,test_temporal_seen_country,daly,extra_trees,94a0f9db0d5a,True,False,36.76087059,29.906153,26.34384381,33.93255374,25.28918441,35.33396452,0.2003181065
loc151_o2014_h5,151,Qatar,2014,2019,5,Q5,test_temporal_seen_country,daly,extra_trees,94a0f9db0d5a,True,False,30.60328168,31.40952972,27.67393812,35.63178781,26.56797662,37.1013678,0.02519154071
loc151_o2015_h5,151,Qatar,2015,2020,5,Q5,test_temporal_seen_country,daly,extra_trees,94a0f9db0d5a,True,False,30.35536109,30.60450515,26.9617024,34.72188601,25.88321202,36.15496292,0.007914418214
loc151_o2016_h5,151,Qatar,2016,2021,5,Q5,test_temporal_seen_country,daly,extra_trees,94a0f9db0d5a,True,False,30.08577805,31.3488489,27.6202515,35.56320159,26.51636071,37.03003007,0.03982802041
loc151_o2017_h5,151,Qatar,2017,2022,5,Q5,test_temporal_seen_country,daly,extra_trees,94a0f9db0d5a,True,False,30.2667013,31.3935804,27.65982715,35.61376063,26.55440991,37.08261742,0.03540659225
loc151_o2018_h5,151,Qatar,2018,2023,5,Q5,test_temporal_seen_country,daly,extra_trees,94a0f9db0d5a,True,False,31.70149995,32.58200239,28.71126908,36.95700821,27.56529745,38.47975289,0.02656933351
loc154_o2014_h5,154,Tunisia,2014,2019,5,Q3,test_temporal_seen_country,daly,extra_trees,94a0f9db0d5a,True,False,10.40220507,10.1284929,8.845799045,11.57829392,8.46604393,12.08290508,0.02429801628
loc154_o2015_h5,154,Tunisia,2015,2020,5,Q3,test_temporal_seen_country,daly,extra_trees,94a0f9db0d5a,True,False,10.08346072,10.28708789,8.986114034,11.75755039,8.600946932,12.26935289,0.0182054355
loc154_o2016_h5,154,Tunisia,2016,2021,5,Q3,test_temporal_seen_country,daly,extra_trees,94a0f9db0d5a,True,False,9.620619116,10.50477055,9.178706127,12.00359237,8.786110696,12.5252655,0.07996446828
loc154_o2017_h5,154,Tunisia,2017,2022,5,Q3,test_temporal_seen_country,daly,extra_trees,94a0f9db0d5a,True,False,11.51319662,10.72772919,9.375966082,12.25559769,8.975762282,12.78738067,0.06482776268
loc154_o2018_h5,154,Tunisia,2018,2023,5,Q3,test_temporal_seen_country,daly,extra_trees,94a0f9db0d5a,True,False,13.81210941,10.89671261,9.525472111,12.44659598,9.119501823,12.98604135,0.2191829388
loc155_o2014_h5,155,Türkiye,2014,2019,5,Q3,test_temporal_seen_country,daly,extra_trees,94a0f9db0d5a,True,False,15.77589521,16.26178327,14.27215327,18.51061886,13.68310221,19.29333838,0.02855195098
loc155_o2015_h5,155,Türkiye,2015,2020,5,Q3,test_temporal_seen_country,daly,extra_trees,94a0f9db0d5a,True,False,16.64019838,16.45384331,14.44207606,18.72770015,13.84647103,19.51912845,0.01062042524
loc155_o2016_h5,155,Türkiye,2016,2021,5,Q3,test_temporal_seen_country,daly,extra_trees,94a0f9db0d5a,True,False,17.72377882,16.68142859,14.64342937,18.98493485,14.0400581,19.7866828,0.05727945422
loc155_o2017_h5,155,Türkiye,2017,2022,5,Q3,test_temporal_seen_country,daly,extra_trees,94a0f9db0d5a,True,False,17.61854083,16.67114143,14.63432794,18.97330751,14.03130771,19.77458899,0.05222502141
loc155_o2018_h5,155,Türkiye,2018,2023,5,Q3,test_temporal_seen_country,daly,extra_trees,94a0f9db0d5a,True,False,17.98609544,16.64994751,14.61557687,18.94935248,14.01327987,19.74967294,0.07297408274
loc156_o2014_h5,156,United Arab Emirates,2014,2019,5,Q5,test_temporal_seen_country,daly,extra_trees,94a0f9db0d5a,True,False,16.81203122,16.84199148,14.78548544,19.16641561,14.17663503,19.97544412,0.001680610589
loc156_o2015_h5,156,United Arab Emirates,2015,2020,5,Q5,test_temporal_seen_country,daly,extra_trees,94a0f9db0d5a,True,False,15.16184137,17.29189599,15.183533,19.67493291,14.55932978,20.50436193,0.1238051271
loc156_o2016_h5,156,United Arab Emirates,2016,2021,5,Q5,test_temporal_seen_country,daly,extra_trees,94a0f9db0d5a,True,False,14.77115158,17.31113422,15.20055379,19.69667746,14.57569408,20.52697882,0.1493268804
loc156_o2017_h5,156,United Arab Emirates,2017,2022,5,Q5,test_temporal_seen_country,daly,extra_trees,94a0f9db0d5a,True,False,16.04027074,17.26042076,15.15568567,19.63935713,14.53255653,20.46735894,0.06915650767
loc156_o2018_h5,156,United Arab Emirates,2018,2023,5,Q5,test_temporal_seen_country,daly,extra_trees,94a0f9db0d5a,True,False,18.17764972,17.787693,15.62218338,20.2353215,14.9810613,21.08723197,0.02054349631
loc160_o2014_h5,160,Afghanistan,2014,2019,5,Q1,test_temporal_seen_country,daly,extra_trees,94a0f9db0d5a,True,False,11.0513269,10.62207793,9.282492409,12.13618236,8.885893913,12.66317468,0.03626821134
loc160_o2015_h5,160,Afghanistan,2015,2020,5,Q1,test_temporal_seen_country,daly,extra_trees,94a0f9db0d5a,True,False,11.57398034,10.72847183,9.376623118,12.25643707,8.976393976,12.78825372,0.06961025163
loc160_o2016_h5,160,Afghanistan,2016,2021,5,Q1,test_temporal_seen_country,daly,extra_trees,94a0f9db0d5a,True,False,12.59871823,10.9538912,9.576060173,12.51122369,9.16813869,13.05326178,0.1289186915
loc160_o2017_h5,160,Afghanistan,2017,2022,5,Q1,test_temporal_seen_country,daly,extra_trees,94a0f9db0d5a,True,False,12.21362031,11.12736204,9.72953639,12.70729401,9.315695288,13.25719797,0.0857839147
loc160_o2018_h5,160,Afghanistan,2018,2023,5,Q1,test_temporal_seen_country,daly,extra_trees,94a0f9db0d5a,True,False,12.61470921,11.58362268,10.13320746,13.22299552,9.703796658,13.79358819,0.07875458628
loc161_o2014_h5,161,Bangladesh,2014,2019,5,Q2,test_temporal_seen_country,daly,extra_trees,94a0f9db0d5a,True,False,4.246420145,4.1125085,3.523229853,4.778557361,3.348767662,5.010379306,0.02585578297
loc161_o2015_h5,161,Bangladesh,2015,2020,5,Q2,test_temporal_seen_country,daly,extra_trees,94a0f9db0d5a,True,False,4.426358232,4.372447506,3.753207734,5.072360776,3.569875235,5.315969414,0.0099846548
loc161_o2016_h5,161,Bangladesh,2016,2021,5,Q2,test_temporal_seen_country,daly,extra_trees,94a0f9db0d5a,True,False,4.988062178,4.587074592,3.943096444,5.314949112,3.752439886,5.568289815,0.06931202878
loc161_o2017_h5,161,Bangladesh,2017,2022,5,Q2,test_temporal_seen_country,daly,extra_trees,94a0f9db0d5a,True,False,5.433746218,4.862944737,4.187169207,5.626759147,3.987098696,5.892608926,0.09290499192
loc161_o2018_h5,161,Bangladesh,2018,2023,5,Q2,test_temporal_seen_country,daly,extra_trees,94a0f9db0d5a,True,False,6.073624652,5.076234584,4.375874811,5.867836031,4.168525874,6.143357239,0.1519878369
loc162_o2014_h5,162,Bhutan,2014,2019,5,Q2,test_temporal_seen_country,daly,extra_trees,94a0f9db0d5a,True,False,9.772227572,9.227963288,8.049066398,10.56044485,7.700041476,11.02422233,0.05184583296
loc162_o2015_h5,162,Bhutan,2015,2020,5,Q2,test_temporal_seen_country,daly,extra_trees,94a0f9db0d5a,True,False,10.19506205,9.23542341,8.055666651,10.56887686,7.706387155,11.03299262,0.08961820575
loc162_o2016_h5,162,Bhutan,2016,2021,5,Q2,test_temporal_seen_country,daly,extra_trees,94a0f9db0d5a,True,False,10.45615219,9.325462837,8.135327941,10.67064647,7.782975888,11.13884498,0.1039139299
loc162_o2017_h5,162,Bhutan,2017,2022,5,Q2,test_temporal_seen_country,daly,extra_trees,94a0f9db0d5a,True,False,10.95614142,9.485077933,8.276545461,10.85105595,7.918746609,11.32649206,0.1312919753
loc162_o2018_h5,162,Bhutan,2018,2023,5,Q2,test_temporal_seen_country,daly,extra_trees,94a0f9db0d5a,True,False,11.84867314,9.664047795,8.434886874,11.0533417,8.070980751,11.53689303,0.1863624837
loc163_o2014_h5,163,India,2014,2019,5,Q2,test_temporal_seen_country,daly,extra_trees,94a0f9db0d5a,True,False,2.893738819,3.142876992,2.665360143,3.682603919,2.523986217,3.870458824,0.06202063986
loc163_o2015_h5,163,India,2015,2020,5,Q2,test_temporal_seen_country,daly,extra_trees,94a0f9db0d5a,True,False,3.0877834,3.304955261,2.808756925,3.865797468,2.661852147,4.061001662,0.05176387835
loc163_o2016_h5,163,India,2016,2021,5,Q2,test_temporal_seen_country,daly,extra_trees,94a0f9db0d5a,True,False,3.564574205,3.456790783,2.94309156,4.037413861,2.791005459,4.239502896,0.02389628427
loc163_o2017_h5,163,India,2017,2022,5,Q2,test_temporal_seen_country,daly,extra_trees,94a0f9db0d5a,True,False,3.361862431,3.647311731,3.111652657,4.252755553,2.953065109,4.463483583,0.0633898009
loc163_o2018_h5,163,India,2018,2023,5,Q2,test_temporal_seen_country,daly,extra_trees,94a0f9db0d5a,True,False,3.626709037,3.705054242,3.162739643,4.318020659,3.002181656,4.53136697,0.0167914772
loc164_o2014_h5,164,Nepal,2014,2019,5,Q1,test_temporal_seen_country,daly,extra_trees,94a0f9db0d5a,True,False,2.123666524,2.11600088,1.756843965,2.521948144,1.650511752,2.663240307,0.002457069488
loc164_o2015_h5,164,Nepal,2015,2020,5,Q1,test_temporal_seen_country,daly,extra_trees,94a0f9db0d5a,True,False,2.285825046,2.153407622,1.789939125,2.564228172,1.682330423,2.707216509,0.04113412318
loc164_o2016_h5,164,Nepal,2016,2021,5,Q1,test_temporal_seen_country,daly,extra_trees,94a0f9db0d5a,True,False,2.693988361,2.275178625,1.897674543,2.701863294,1.785910457,2.850373224,0.1203343212
loc164_o2017_h5,164,Nepal,2017,2022,5,Q1,test_temporal_seen_country,daly,extra_trees,94a0f9db0d5a,True,False,2.77805074,2.402418743,2.010248693,2.845680036,1.894142592,2.999959551,0.1047216255
loc164_o2018_h5,164,Nepal,2018,2023,5,Q1,test_temporal_seen_country,daly,extra_trees,94a0f9db0d5a,True,False,3.163763762,2.492459252,2.08991094,2.947450868,1.970732245,3.105813186,0.1758132711
loc169_o2014_h5,169,Central African Republic,2014,2019,5,Q1,test_temporal_seen_country,daly,extra_trees,94a0f9db0d5a,True,False,24.27927951,22.79465695,20.05203398,25.89458415,19.24005137,26.97353075,0.06052401086
loc169_o2015_h5,169,Central African Republic,2015,2020,5,Q1,test_temporal_seen_country,daly,extra_trees,94a0f9db0d5a,True,False,24.67190442,23.1422189,20.3595352,26.28742588,19.53569219,27.38213235,0.06143505109
loc169_o2016_h5,169,Central African Republic,2016,2021,5,Q1,test_temporal_seen_country,daly,extra_trees,94a0f9db0d5a,True,False,24.94171565,23.60555688,20.76946785,26.81112674,19.92981363,27.92684284,0.05288000908
loc169_o2017_h5,169,Central African Republic,2017,2022,5,Q1,test_temporal_seen_country,daly,extra_trees,94a0f9db0d5a,True,False,29.19312639,24.51863561,21.57730318,27.8431598,20.70649053,29.00027861,0.1682053019
loc169_o2018_h5,169,Central African Republic,2018,2023,5,Q1,test_temporal_seen_country,daly,extra_trees,94a0f9db0d5a,True,False,32.44752191,24.3288208,21.40936683,27.62861625,20.54503153,28.77712808,0.2780347909
loc170_o2014_h5,170,Congo,2014,2019,5,Q2,test_temporal_seen_country,daly,extra_trees,94a0f9db0d5a,True,False,21.0457584,20.06328577,17.63548648,22.80737461,16.91671076,23.76246972,0.04558870648
loc170_o2015_h5,170,Congo,2015,2020,5,Q2,test_temporal_seen_country,daly,extra_trees,94a0f9db0d5a,True,False,21.58394771,21.1726409,18.61697496,24.06125462,17.86034297,25.06665241,0.01838023843
loc170_o2016_h5,170,Congo,2016,2021,5,Q2,test_temporal_seen_country,daly,extra_trees,94a0f9db0d5a,True,False,21.92167458,21.37175762,18.79314106,24.28631193,18.02971429,25.30073848,0.02428360821
loc170_o2017_h5,170,Congo,2017,2022,5,Q2,test_temporal_seen_country,daly,extra_trees,94a0f9db0d5a,True,False,25.0971668,20.90076136,18.37643284,23.75395508,17.62907862,24.74702475,0.1753053553
loc170_o2018_h5,170,Congo,2018,2023,5,Q2,test_temporal_seen_country,daly,extra_trees,94a0f9db0d5a,True,False,29.22813477,21.01818274,18.48031998,23.88667392,17.72895881,24.88506795,0.3169045052
loc171_o2014_h5,171,Democratic Republic of the Congo,2014,2019,5,Q1,test_temporal_seen_country,daly,extra_trees,94a0f9db0d5a,True,False,57.17903726,54.6701618,48.25350007,61.92277524,46.35377933,64.44708697,0.04408079672
loc171_o2015_h5,171,Democratic Republic of the Congo,2015,2020,5,Q1,test_temporal_seen_country,daly,extra_trees,94a0f9db0d5a,True,False,60.52069449,54.90432041,48.46066906,62.18743964,46.55295776,64.72236907,0.09573194857
loc171_o2016_h5,171,Democratic Republic of the Congo,2016,2021,5,Q1,test_temporal_seen_country,daly,extra_trees,94a0f9db0d5a,True,False,60.54986526,55.68231165,49.14898737,63.06678624,47.21472745,65.63699297,0.0823854653
loc171_o2017_h5,171,Democratic Republic of the Congo,2017,2022,5,Q1,test_temporal_seen_country,daly,extra_trees,94a0f9db0d5a,True,False,68.02911391,57.25329439,50.53889528,64.84243393,48.55102624,67.48387541,0.1697277095
loc171_o2018_h5,171,Democratic Republic of the Congo,2018,2023,5,Q1,test_temporal_seen_country,daly,extra_trees,94a0f9db0d5a,True,False,76.34581645,58.55686375,51.69221246,66.31583007,49.65985966,69.01638069,0.2613549401
loc172_o2014_h5,172,Equatorial Guinea,2014,2019,5,Q2,test_temporal_seen_country,daly,extra_trees,94a0f9db0d5a,True,False,40.08141077,38.25360974,33.72915486,43.36750286,32.38964202,45.1474213,0.04551231863
loc172_o2015_h5,172,Equatorial Guinea,2015,2020,5,Q2,test_temporal_seen_country,daly,extra_trees,94a0f9db0d5a,True,False,41.99591332,36.49942515,32.17716133,41.3847861,30.8975093,43.08516267,0.1367794687
loc172_o2016_h5,172,Equatorial Guinea,2016,2021,5,Q2,test_temporal_seen_country,daly,extra_trees,94a0f9db0d5a,True,False,47.5068615,36.04542647,31.77549151,40.87164125,30.51133199,42.55143168,0.2695603601
loc172_o2017_h5,172,Equatorial Guinea,2017,2022,5,Q2,test_temporal_seen_country,daly,extra_trees,94a0f9db0d5a,True,False,55.52922199,38.7311436,34.15164714,43.90724901,32.79583867,45.70882078,0.3526223541
loc172_o2018_h5,172,Equatorial Guinea,2018,2023,5,Q2,test_temporal_seen_country,daly,extra_trees,94a0f9db0d5a,True,False,63.07937385,40.33547238,35.57105757,45.72058701,34.16050205,47.59490557,0.4384015046
loc173_o2014_h5,173,Gabon,2014,2019,5,Q2,test_temporal_seen_country,daly,extra_trees,94a0f9db0d5a,True,False,59.4864884,58.41668129,51.56818772,66.15738487,49.54061859,68.85157905,0.01784499128
loc173_o2015_h5,173,Gabon,2015,2020,5,Q2,test_temporal_seen_country,daly,extra_trees,94a0f9db0d5a,True,False,60.14754302,58.74589578,51.85945625,66.52948887,49.82065282,69.23861097,0.02318918323
loc173_o2016_h5,173,Gabon,2016,2021,5,Q2,test_temporal_seen_country,daly,extra_trees,94a0f9db0d5a,True,False,61.41798335,59.00600671,52.08958624,66.8234866,50.04190663,69.54440319,0.03940875949
loc173_o2017_h5,173,Gabon,2017,2022,5,Q2,test_temporal_seen_country,daly,extra_trees,94a0f9db0d5a,True,False,69.98504223,58.58650868,51.71844045,66.34933709,49.68507603,69.05123193,0.175039998
loc173_o2018_h5,173,Gabon,2018,2023,5,Q2,test_temporal_seen_country,daly,extra_trees,94a0f9db0d5a,True,False,78.71461145,58.20039946,51.376835,65.91292622,49.3566464,68.5973133,0.2975246102
loc175_o2014_h5,175,Burundi,2014,2019,5,Q1,test_temporal_seen_country,daly,extra_trees,94a0f9db0d5a,True,False,3.787065931,3.71002665,3.167138921,4.323640864,3.006411253,4.537212644,0.01622411705
loc175_o2015_h5,175,Burundi,2015,2020,5,Q1,test_temporal_seen_country,daly,extra_trees,94a0f9db0d5a,True,False,3.939218035,3.903299189,3.338134454,4.542092619,3.170811442,4.764428162,0.007298743898
loc175_o2016_h5,175,Burundi,2016,2021,5,Q1,test_temporal_seen_country,daly,extra_trees,94a0f9db0d5a,True,False,4.57510554,4.054156147,3.471603317,4.712602963,3.299132375,4.941778975,0.098100344
loc175_o2017_h5,175,Burundi,2017,2022,5,Q1,test_temporal_seen_country,daly,extra_trees,94a0f9db0d5a,True,False,4.802325542,4.260147658,3.653851807,4.945430696,3.474351492,5.183947202,0.09809969436
loc175_o2018_h5,175,Burundi,2018,2023,5,Q1,test_temporal_seen_country,daly,extra_trees,94a0f9db0d5a,True,False,5.400491067,4.357325083,3.739828353,5.055268229,3.5570119,5.298191155,0.1779099179
loc176_o2014_h5,176,Comoros,2014,2019,5,Q1,test_temporal_seen_country,daly,extra_trees,94a0f9db0d5a,True,False,4.204045129,4.539557803,3.901056542,5.261241917,3.712021474,5.512428016,0.06247844617
loc176_o2015_h5,176,Comoros,2015,2020,5,Q1,test_temporal_seen_country,daly,extra_trees,94a0f9db0d5a,True,False,4.416083701,4.503335028,3.869008881,5.220300101,3.6812099,5.469843712,0.01598128733
loc176_o2016_h5,176,Comoros,2016,2021,5,Q1,test_temporal_seen_country,daly,extra_trees,94a0f9db0d5a,True,False,5.01046118,4.52859488,3.891357228,5.248850762,3.702696265,5.499539758,0.08356778831
loc176_o2017_h5,176,Comoros,2017,2022,5,Q1,test_temporal_seen_country,daly,extra_trees,94a0f9db0d5a,True,False,4.674160107,4.481229348,3.849451148,5.19531453,3.662406514,5.443855779,0.03459314424
loc176_o2018_h5,176,Comoros,2018,2023,5,Q1,test_temporal_seen_country,daly,extra_trees,94a0f9db0d5a,True,False,5.205919642,4.456868249,3.827897962,5.167779708,3.64168464,5.415216326,0.1286285732
loc178_o2014_h5,178,Eritrea,2014,2019,5,Q1,test_temporal_seen_country,daly,extra_trees,94a0f9db0d5a,True,False,4.717017025,4.490119584,3.857316677,5.205362971,3.669968667,5.454307339,0.04049713287
loc178_o2015_h5,178,Eritrea,2015,2020,5,Q1,test_temporal_seen_country,daly,extra_trees,94a0f9db0d5a,True,False,4.879286058,4.62855758,3.979798014,5.361836432,3.787725866,5.617058143,0.04358212891
loc178_o2016_h5,178,Eritrea,2016,2021,5,Q1,test_temporal_seen_country,daly,extra_trees,94a0f9db0d5a,True,False,4.806342737,4.802069758,4.133310808,5.55795348,3.93531763,5.821042939,0.0007361867258
loc178_o2017_h5,178,Eritrea,2017,2022,5,Q1,test_temporal_seen_country,daly,extra_trees,94a0f9db0d5a,True,False,5.72667791,5.03038874,4.335313257,5.816017469,4.12952879,6.08945984,0.1092699214
loc178_o2018_h5,178,Eritrea,2018,2023,5,Q1,test_temporal_seen_country,daly,extra_trees,94a0f9db0d5a,True,False,6.231878569,5.302469016,4.576032979,6.123543898,4.360963889,6.409323496,0.1375573682
loc179_o2014_h5,179,Ethiopia,2014,2019,5,Q1,test_temporal_seen_country,daly,extra_trees,94a0f9db0d5a,True,False,2.560992601,2.519727678,2.11403635,2.978271778,1.993927131,3.137870558,0.01165570414
loc179_o2015_h5,179,Ethiopia,2015,2020,5,Q1,test_temporal_seen_country,daly,extra_trees,94a0f9db0d5a,True,False,2.62418712,2.626438625,2.208447565,3.098884845,2.08469688,3.263322333,0.0006210511069
loc179_o2016_h5,179,Ethiopia,2016,2021,5,Q1,test_temporal_seen_country,daly,extra_trees,94a0f9db0d5a,True,False,2.866075942,2.73804534,2.307190252,3.225031493,2.179631035,3.394529683,0.03367718552
loc179_o2017_h5,179,Ethiopia,2017,2022,5,Q1,test_temporal_seen_country,daly,extra_trees,94a0f9db0d5a,True,False,3.281057323,2.913464758,2.462390453,3.423304252,2.328845123,3.600756673,0.08977690807
loc179_o2018_h5,179,Ethiopia,2018,2023,5,Q1,test_temporal_seen_country,daly,extra_trees,94a0f9db0d5a,True,False,3.761262514,3.102477307,2.629617012,3.636941033,2.489621709,3.822964052,0.1489218546
loc180_o2014_h5,180,Kenya,2014,2019,5,Q2,test_temporal_seen_country,daly,extra_trees,94a0f9db0d5a,True,False,7.654263731,7.455076576,6.480526394,8.556589487,6.192000481,8.939977074,0.02328507721
loc180_o2015_h5,180,Kenya,2015,2020,5,Q2,test_temporal_seen_country,daly,extra_trees,94a0f9db0d5a,True,False,7.894775081,7.67337155,6.673660224,8.803323557,6.377685087,9.196609527,0.02520644423
loc180_o2016_h5,180,Kenya,2016,2021,5,Q2,test_temporal_seen_country,daly,extra_trees,94a0f9db0d5a,True,False,9.00804351,7.849619883,6.829593798,9.002533222,6.527604261,9.403811008,0.1230146137
loc180_o2017_h5,180,Kenya,2017,2022,5,Q2,test_temporal_seen_country,daly,extra_trees,94a0f9db0d5a,True,False,8.795379723,8.221243356,7.158383155,9.422571165,6.843712125,9.840699872,0.06040093501
loc180_o2018_h5,180,Kenya,2018,2023,5,Q2,test_temporal_seen_country,daly,extra_trees,94a0f9db0d5a,True,False,9.670144592,8.391300186,7.308838872,9.614782708,6.988364724,10.04062248,0.1276658679
loc181_o2014_h5,181,Madagascar,2014,2019,5,Q1,test_temporal_seen_country,daly,extra_trees,94a0f9db0d5a,True,False,6.150368052,6.017950593,5.209046622,6.932237191,4.969562025,7.250459636,0.01869259402
loc181_o2015_h5,181,Madagascar,2015,2020,5,Q1,test_temporal_seen_country,daly,extra_trees,94a0f9db0d5a,True,False,6.043600832,6.191330582,5.362442463,7.128204828,5.117041347,7.454289028,0.02075669351
loc181_o2016_h5,181,Madagascar,2016,2021,5,Q1,test_temporal_seen_country,daly,extra_trees,94a0f9db0d5a,True,False,6.606473193,6.536364093,5.667706674,7.518188714,5.410531436,7.859918137,0.009259770791
loc181_o2017_h5,181,Madagascar,2017,2022,5,Q1,test_temporal_seen_country,daly,extra_trees,94a0f9db0d5a,True,False,7.727056087,6.704520827,5.816481305,7.70825262,5.553567789,8.057606955,0.124620818
loc181_o2018_h5,181,Madagascar,2018,2023,5,Q1,test_temporal_seen_country,daly,extra_trees,94a0f9db0d5a,True,False,8.808346158,7.264911727,6.312280352,8.341650287,6.030243734,8.716415026,0.1712146212
loc183_o2014_h5,183,Mauritius,2014,2019,5,Q4,test_temporal_seen_country,daly,extra_trees,94a0f9db0d5a,True,False,4.173296647,4.326246049,3.712331556,5.020140272,3.530575661,5.261653948,0.02913654945
loc183_o2015_h5,183,Mauritius,2015,2020,5,Q4,test_temporal_seen_country,daly,extra_trees,94a0f9db0d5a,True,False,3.659551461,4.363238866,3.745060501,5.06195245,3.562042242,5.30514353,0.1406488681
loc183_o2016_h5,183,Mauritius,2016,2021,5,Q4,test_temporal_seen_country,daly,extra_trees,94a0f9db0d5a,True,False,3.085839994,4.379727515,3.759648634,5.080589212,3.576067707,5.324527955,0.2751103891
loc183_o2017_h5,183,Mauritius,2017,2022,5,Q4,test_temporal_seen_country,daly,extra_trees,94a0f9db0d5a,True,False,3.367893922,4.433839393,3.807523461,5.141750694,3.62209599,5.388143089,0.2183650018
loc183_o2018_h5,183,Mauritius,2018,2023,5,Q4,test_temporal_seen_country,daly,extra_trees,94a0f9db0d5a,True,False,3.642996513,5.215034854,4.498676665,6.024718962,4.286591228,6.306533939,0.2916113749
loc184_o2014_h5,184,Mozambique,2014,2019,5,Q1,test_temporal_seen_country,daly,extra_trees,94a0f9db0d5a,True,False,14.65087702,13.94334646,12.22094443,15.89014007,11.71100905,16.56773222,0.04626080721
loc184_o2015_h5,184,Mozambique,2015,2020,5,Q1,test_temporal_seen_country,daly,extra_trees,94a0f9db0d5a,True,False,15.15218384,14.13315081,12.38887153,16.10467181,11.87245916,16.79087046,0.06516750788
loc184_o2016_h5,184,Mozambique,2016,2021,5,Q1,test_temporal_seen_country,daly,extra_trees,94a0f9db0d5a,True,False,15.71563001,14.31225309,12.5473301,16.30710722,12.02480594,17.00142711,0.08769084696
loc184_o2017_h5,184,Mozambique,2017,2022,5,Q1,test_temporal_seen_country,daly,extra_trees,94a0f9db0d5a,True,False,16.41544701,14.54262632,12.75115002,16.56749308,12.22076446,17.27225902,0.1137712374
loc184_o2018_h5,184,Mozambique,2018,2023,5,Q1,test_temporal_seen_country,daly,extra_trees,94a0f9db0d5a,True,False,18.91382714,14.91333919,13.07913373,16.98650179,12.53609776,17.70807736,0.2242566218
loc185_o2014_h5,185,Rwanda,2014,2019,5,Q1,test_temporal_seen_country,daly,extra_trees,94a0f9db0d5a,True,False,5.510458803,5.3013829,4.575072051,6.122316284,4.360040024,6.408046634,0.03264081312
loc185_o2015_h5,185,Rwanda,2015,2020,5,Q1,test_temporal_seen_country,daly,extra_trees,94a0f9db0d5a,True,False,5.827554785,5.362597231,4.629230687,6.191505513,4.412109747,6.48001157,0.07052993483
loc185_o2016_h5,185,Rwanda,2016,2021,5,Q1,test_temporal_seen_country,daly,extra_trees,94a0f9db0d5a,True,False,6.342125062,5.467591947,4.722123489,6.310178762,4.501419648,6.603445706,0.1268244669
loc185_o2017_h5,185,Rwanda,2017,2022,5,Q1,test_temporal_seen_country,daly,extra_trees,94a0f9db0d5a,True,False,7.594118233,5.934119807,5.134878351,6.837485073,4.898254444,7.151906289,0.2146239175
loc185_o2018_h5,185,Rwanda,2018,2023,5,Q1,test_temporal_seen_country,daly,extra_trees,94a0f9db0d5a,True,False,9.273878644,6.324120194,5.479926461,7.278294044,5.229993956,7.610399465,0.3384315823
loc186_o2014_h5,186,Seychelles,2014,2019,5,Q4,test_temporal_seen_country,daly,extra_trees,94a0f9db0d5a,True,False,12.21129869,12.62284405,11.05264595,14.39760486,10.58777216,15.01532006,0.03067566823
loc186_o2015_h5,186,Seychelles,2015,2020,5,Q4,test_temporal_seen_country,daly,extra_trees,94a0f9db0d5a,True,False,12.16182129,12.739248,11.15563294,14.52917373,10.68678691,15.15216716,0.04293624243
loc186_o2016_h5,186,Seychelles,2016,2021,5,Q4,test_temporal_seen_country,daly,extra_trees,94a0f9db0d5a,True,False,12.82002568,12.70057868,11.12142072,14.48546663,10.65389427,15.10670663,0.00868060544
loc186_o2017_h5,186,Seychelles,2017,2022,5,Q4,test_temporal_seen_country,daly,extra_trees,94a0f9db0d5a,True,False,12.60065599,12.71328947,11.13266644,14.49983336,10.66470624,15.12164973,0.008247370639
loc186_o2018_h5,186,Seychelles,2018,2023,5,Q4,test_temporal_seen_country,daly,extra_trees,94a0f9db0d5a,True,False,14.90193928,12.56178132,10.99862145,14.32858699,10.53583139,14.94353336,0.1591854295
loc189_o2014_h5,189,United Republic of Tanzania,2014,2019,5,Q1,test_temporal_seen_country,daly,extra_trees,94a0f9db0d5a,True,False,6.128014019,7.014975891,6.091152655,8.059153239,5.817644991,8.422584869,0.1172791212
loc189_o2015_h5,189,United Republic of Tanzania,2015,2020,5,Q1,test_temporal_seen_country,daly,extra_trees,94a0f9db0d5a,True,False,6.169122296,7.312696867,6.354557675,8.395660794,6.070890409,8.772592305,0.1480008553
loc189_o2016_h5,189,United Republic of Tanzania,2016,2021,5,Q1,test_temporal_seen_country,daly,extra_trees,94a0f9db0d5a,True,False,6.899598852,7.412029706,6.442441199,8.507934545,6.155384242,8.889370212,0.06285080926
loc189_o2017_h5,189,United Republic of Tanzania,2017,2022,5,Q1,test_temporal_seen_country,daly,extra_trees,94a0f9db0d5a,True,False,6.084072998,7.491781648,6.513000762,8.598076433,6.223222303,8.983128378,0.1812498063
loc189_o2018_h5,189,United Republic of Tanzania,2018,2023,5,Q1,test_temporal_seen_country,daly,extra_trees,94a0f9db0d5a,True,False,6.991606052,7.484369374,6.506442842,8.589698501,6.216917325,8.974414343,0.05983382621
loc190_o2014_h5,190,Uganda,2014,2019,5,Q1,test_temporal_seen_country,daly,extra_trees,94a0f9db0d5a,True,False,12.1354789,11.89833904,10.41164894,13.57871259,9.971498575,14.16357578,0.0182183359
loc190_o2015_h5,190,Uganda,2015,2020,5,Q1,test_temporal_seen_country,daly,extra_trees,94a0f9db0d5a,True,False,12.35156239,12.21967722,10.69594899,13.94191415,10.2448331,14.54134812,0.009926992862
loc190_o2016_h5,190,Uganda,2016,2021,5,Q1,test_temporal_seen_country,daly,extra_trees,94a0f9db0d5a,True,False,14.34058027,12.74735788,11.16280806,14.53834015,10.69368528,15.16170131,0.1096549709
loc190_o2017_h5,190,Uganda,2017,2022,5,Q1,test_temporal_seen_country,daly,extra_trees,94a0f9db0d5a,True,False,14.89482753,13.14726135,11.5166178,14.99034236,11.03384849,15.63183677,0.1164726823
loc190_o2018_h5,190,Uganda,2018,2023,5,Q1,test_temporal_seen_country,daly,extra_trees,94a0f9db0d5a,True,False,16.35787189,13.37903642,11.72167798,15.25231268,11.23099944,15.90431672,0.1882747729
loc193_o2014_h5,193,Botswana,2014,2019,5,Q3,test_temporal_seen_country,daly,extra_trees,94a0f9db0d5a,True,False,15.75324855,13.39357905,11.7345444,15.26874991,11.2433696,15.92141337,0.151809975
loc193_o2015_h5,193,Botswana,2015,2020,5,Q3,test_temporal_seen_country,daly,extra_trees,94a0f9db0d5a,True,False,16.51046064,13.06654793,11.44520758,14.89911373,10.96519257,15.53694827,0.2189989623
loc193_o2016_h5,193,Botswana,2016,2021,5,Q3,test_temporal_seen_country,daly,extra_trees,94a0f9db0d5a,True,False,18.90505451,13.59253408,11.91056744,15.49362446,11.41260339,16.15530935,0.3104636612
loc193_o2017_h5,193,Botswana,2017,2022,5,Q3,test_temporal_seen_country,daly,extra_trees,94a0f9db0d5a,True,False,19.35417632,14.46070194,12.67866842,16.47489574,12.15107851,17.1759469,0.2749846695
loc193_o2018_h5,193,Botswana,2018,2023,5,Q3,test_temporal_seen_country,daly,extra_trees,94a0f9db0d5a,True,False,21.02713674,15.27160872,13.39610835,17.39144606,12.84084658,18.12926703,0.3028533887
loc194_o2014_h5,194,Lesotho,2014,2019,5,Q2,test_temporal_seen_country,daly,extra_trees,94a0f9db0d5a,True,False,23.97736206,23.26640474,20.46940711,26.42779043,19.64132631,27.52812799,0.02887702453
loc194_o2015_h5,194,Lesotho,2015,2020,5,Q2,test_temporal_seen_country,daly,extra_trees,94a0f9db0d5a,True,False,23.62803589,23.89727753,21.02756416,27.14085225,20.17795509,28.26979616,0.01087299686
loc194_o2016_h5,194,Lesotho,2016,2021,5,Q2,test_temporal_seen_country,daly,extra_trees,94a0f9db0d5a,True,False,26.05479835,23.60386961,20.76797506,26.80921965,19.92837841,27.92485925,0.09496064586
loc194_o2017_h5,194,Lesotho,2017,2022,5,Q2,test_temporal_seen_country,daly,extra_trees,94a0f9db0d5a,True,False,29.41760096,23.82206052,20.96101682,27.0558361,20.1139745,28.18136936,0.2032886248
loc194_o2018_h5,194,Lesotho,2018,2023,5,Q2,test_temporal_seen_country,daly,extra_trees,94a0f9db0d5a,True,False,32.1101614,24.38988267,21.46339057,27.69763315,20.59697156,28.84891377,0.2654894517
loc195_o2014_h5,195,Namibia,2014,2019,5,Q2,test_temporal_seen_country,daly,extra_trees,94a0f9db0d5a,True,False,8.97420357,8.183019749,7.124565283,9.379367852,6.811198617,9.795763345,0.08264601773
loc195_o2015_h5,195,Namibia,2015,2020,5,Q2,test_temporal_seen_country,daly,extra_trees,94a0f9db0d5a,True,False,9.179271766,8.149066143,7.094525242,9.340990828,6.782317228,9.755846726,0.1067016596
loc195_o2016_h5,195,Namibia,2016,2021,5,Q2,test_temporal_seen_country,daly,extra_trees,94a0f9db0d5a,True,False,10.82784032,8.167726681,7.111034927,9.362082429,6.79819013,9.777784473,0.2547667545
loc195_o2017_h5,195,Namibia,2017,2022,5,Q2,test_temporal_seen_country,daly,extra_trees,94a0f9db0d5a,True,False,10.12714822,8.174320492,7.116868721,9.36953527,6.803798913,9.785536304,0.1929795773
loc195_o2018_h5,195,Namibia,2018,2023,5,Q2,test_temporal_seen_country,daly,extra_trees,94a0f9db0d5a,True,False,10.82268052,8.282958086,7.212984514,9.492325984,6.896207494,9.913253089,0.2418395089
loc196_o2014_h5,196,South Africa,2014,2019,5,Q3,test_temporal_seen_country,daly,extra_trees,94a0f9db0d5a,True,False,27.78026928,28.26893832,24.89533799,32.08204553,23.89654784,33.40921833,0.01683677002
loc196_o2015_h5,196,South Africa,2015,2020,5,Q3,test_temporal_seen_country,daly,extra_trees,94a0f9db0d5a,True,False,26.01709304,27.93294999,24.59807639,31.70228521,23.6107517,33.01422293,0.06851134232
loc196_o2016_h5,196,South Africa,2016,2021,5,Q3,test_temporal_seen_country,daly,extra_trees,94a0f9db0d5a,True,False,27.18070388,27.36127643,24.09229515,31.056135,23.12447858,32.34215072,0.006387224448
loc196_o2017_h5,196,South Africa,2017,2022,5,Q3,test_temporal_seen_country,daly,extra_trees,94a0f9db0d5a,True,False,29.48496446,26.84096432,23.63195532,30.46803752,22.68189418,31.73046017,0.09072512082
loc196_o2018_h5,196,South Africa,2018,2023,5,Q3,test_temporal_seen_country,daly,extra_trees,94a0f9db0d5a,True,False,31.81505804,26.63529661,23.44999331,30.23557578,22.5069505,31.48867261,0.1717936783
loc197_o2014_h5,197,Eswatini,2014,2019,5,Q2,test_temporal_seen_country,daly,extra_trees,94a0f9db0d5a,True,False,28.10856513,26.97284572,23.74863579,30.6171002,22.79407425,31.88550289,0.03979822156
loc197_o2015_h5,197,Eswatini,2015,2020,5,Q2,test_temporal_seen_country,daly,extra_trees,94a0f9db0d5a,True,False,30.48594702,26.84805166,23.63822576,30.47604819,22.68792277,31.7387922,0.1227783144
loc197_o2016_h5,197,Eswatini,2016,2021,5,Q2,test_temporal_seen_country,daly,extra_trees,94a0f9db0d5a,True,False,32.27692151,26.45256687,23.28832539,30.02904032,22.35151815,31.27385144,0.1924044345
loc197_o2017_h5,197,Eswatini,2017,2022,5,Q2,test_temporal_seen_country,daly,extra_trees,94a0f9db0d5a,True,False,31.62603015,27.04890056,23.81592438,30.70306334,22.85876751,31.97491466,0.1511610053
loc197_o2018_h5,197,Eswatini,2018,2023,5,Q2,test_temporal_seen_country,daly,extra_trees,94a0f9db0d5a,True,False,33.08670111,28.76782385,25.33672091,32.64592502,24.32090651,33.99571932,0.1354792376
loc198_o2014_h5,198,Zimbabwe,2014,2019,5,Q1,test_temporal_seen_country,daly,extra_trees,94a0f9db0d5a,True,False,22.49519853,23.18332717,20.39590524,26.33388966,19.57065943,27.43046015,0.02886735366
loc198_o2015_h5,198,Zimbabwe,2015,2020,5,Q1,test_temporal_seen_country,daly,extra_trees,94a0f9db0d5a,True,False,22.30957474,23.44285314,20.62551769,26.62722623,19.79141566,27.73556468,0.04747365883
loc198_o2016_h5,198,Zimbabwe,2016,2021,5,Q1,test_temporal_seen_country,daly,extra_trees,94a0f9db0d5a,True,False,26.54117175,23.62272212,20.78465459,26.83052824,19.94441461,27.94702268,0.1120123595
loc198_o2017_h5,198,Zimbabwe,2017,2022,5,Q1,test_temporal_seen_country,daly,extra_trees,94a0f9db0d5a,True,False,22.32877888,22.88891472,20.13542739,26.00112166,19.32022828,27.08434229,0.02372678839
loc198_o2018_h5,198,Zimbabwe,2018,2023,5,Q1,test_temporal_seen_country,daly,extra_trees,94a0f9db0d5a,True,False,23.42727695,22.37833046,19.68369417,25.42401936,18.88591853,26.48408802,0.043890871
loc200_o2014_h5,200,Benin,2014,2019,5,Q1,test_temporal_seen_country,daly,extra_trees,94a0f9db0d5a,True,False,10.45594973,9.799209818,8.554469834,11.2061124,8.185951364,11.69579253,0.05903625531
loc200_o2015_h5,200,Benin,2015,2020,5,Q1,test_temporal_seen_country,daly,extra_trees,94a0f9db0d5a,True,False,10.9058924,9.903968759,8.647154036,11.32451916,8.275060712,11.81894948,0.08790660751
loc200_o2016_h5,200,Benin,2016,2021,5,Q1,test_temporal_seen_country,daly,extra_trees,94a0f9db0d5a,True,False,11.19545419,10.05244582,8.778517314,11.49233955,8.401357273,11.99350243,0.0984115299
loc200_o2017_h5,200,Benin,2017,2022,5,Q1,test_temporal_seen_country,daly,extra_trees,94a0f9db0d5a,True,False,11.73138839,10.2568582,8.959368689,11.72338243,8.575233162,12.2338142,0.1230929098
loc200_o2018_h5,200,Benin,2018,2023,5,Q1,test_temporal_seen_country,daly,extra_trees,94a0f9db0d5a,True,False,13.7668725,10.34721571,9.039311392,11.82551156,8.652092454,12.3400405,0.2634139257
loc201_o2014_h5,201,Burkina Faso,2014,2019,5,Q1,test_temporal_seen_country,daly,extra_trees,94a0f9db0d5a,True,False,8.673800118,8.894111142,7.753694764,10.18309902,7.416062405,10.63173829,0.02251853365
loc201_o2015_h5,201,Burkina Faso,2015,2020,5,Q1,test_temporal_seen_country,daly,extra_trees,94a0f9db0d5a,True,False,8.325674077,9.078682424,7.916991965,10.39171593,7.573061189,10.84872441,0.07765129219
loc201_o2016_h5,201,Burkina Faso,2016,2021,5,Q1,test_temporal_seen_country,daly,extra_trees,94a0f9db0d5a,True,False,8.136129822,9.163887758,7.992376351,10.48802167,7.645537978,10.94889371,0.1066041596
loc201_o2017_h5,201,Burkina Faso,2017,2022,5,Q1,test_temporal_seen_country,daly,extra_trees,94a0f9db0d5a,True,False,9.695869142,9.259723051,8.077165463,10.59634222,7.727056752,11.06155982,0.04163175916
loc201_o2018_h5,201,Burkina Faso,2018,2023,5,Q1,test_temporal_seen_country,daly,extra_trees,94a0f9db0d5a,True,False,11.6847973,9.524742843,8.311638508,10.89588833,7.952486108,11.37312301,0.1866752672
loc202_o2014_h5,202,Cameroon,2014,2019,5,Q1,test_temporal_seen_country,daly,extra_trees,94a0f9db0d5a,True,False,53.99848911,53.53885352,47.2525888,60.64408205,45.39147348,63.11709566,0.008392357827
loc202_o2015_h5,202,Cameroon,2015,2020,5,Q1,test_temporal_seen_country,daly,extra_trees,94a0f9db0d5a,True,False,55.46089075,53.65685792,47.35699176,60.77745986,45.49184959,63.25582427,0.03247350462
loc202_o2016_h5,202,Cameroon,2016,2021,5,Q1,test_temporal_seen_country,daly,extra_trees,94a0f9db0d5a,True,False,57.30414618,53.69501103,47.39074726,60.8205835,45.52430314,63.30067793,0.06390070952
loc202_o2017_h5,202,Cameroon,2017,2022,5,Q1,test_temporal_seen_country,daly,extra_trees,94a0f9db0d5a,True,False,61.74395676,54.3000093,47.92601214,61.50439991,46.0389227,64.01192742,0.12628919
loc202_o2018_h5,202,Cameroon,2018,2023,5,Q1,test_temporal_seen_country,daly,extra_trees,94a0f9db0d5a,True,False,69.74610992,54.44111334,48.05085223,61.66388674,46.15894768,64.17781248,0.243776115
loc203_o2014_h5,203,Cabo Verde,2014,2019,5,Q2,test_temporal_seen_country,daly,extra_trees,94a0f9db0d5a,True,False,33.4560754,32.45084405,28.59522833,36.80876278,27.45373242,38.32556021,0.02960831666
loc203_o2015_h5,203,Cabo Verde,2015,2020,5,Q2,test_temporal_seen_country,daly,extra_trees,94a0f9db0d5a,True,False,33.14652102,32.69908891,28.81485996,37.08934856,27.6648928,38.61740242,0.01318990583
loc203_o2016_h5,203,Cabo Verde,2016,2021,5,Q2,test_temporal_seen_country,daly,extra_trees,94a0f9db0d5a,True,False,33.85495758,33.61529521,29.62546237,38.12491665,28.44423005,39.69451503,0.006899739467
loc203_o2017_h5,203,Cabo Verde,2017,2022,5,Q2,test_temporal_seen_country,daly,extra_trees,94a0f9db0d5a,True,False,38.24704802,33.84981427,29.83295026,38.38998846,28.64371508,39.97022089,0.1188284238
loc203_o2018_h5,203,Cabo Verde,2018,2023,5,Q2,test_temporal_seen_country,daly,extra_trees,94a0f9db0d5a,True,False,42.68211507,36.83441066,32.4735357,41.76341295,31.18245243,43.47897913,0.1437197289
loc204_o2014_h5,204,Chad,2014,2019,5,Q1,test_temporal_seen_country,daly,extra_trees,94a0f9db0d5a,True,False,41.28737818,40.10128991,35.36386746,45.45589564,33.96130332,47.31959542,0.02844914786
loc204_o2015_h5,204,Chad,2015,2020,5,Q1,test_temporal_seen_country,daly,extra_trees,94a0f9db0d5a,True,False,43.21089975,39.73125437,35.03648301,45.0376525,33.64654618,46.88457337,0.08197564118
loc204_o2016_h5,204,Chad,2016,2021,5,Q1,test_temporal_seen_country,daly,extra_trees,94a0f9db0d5a,True,False,42.55608021,40.17054587,35.42514084,45.53417415,34.02021337,47.40101428,0.05632621329
loc204_o2017_h5,204,Chad,2017,2022,5,Q1,test_temporal_seen_country,daly,extra_trees,94a0f9db0d5a,True,False,50.33473068,39.97046083,35.24811803,45.30802238,33.85001837,47.16578984,0.2255161948
loc204_o2018_h5,204,Chad,2018,2023,5,Q1,test_temporal_seen_country,daly,extra_trees,94a0f9db0d5a,True,False,54.44177477,40.21419586,35.46375963,45.58351078,34.05734262,47.45233018,0.2965506102
loc205_o2014_h5,205,Côte d'Ivoire,2014,2019,5,Q1,test_temporal_seen_country,daly,extra_trees,94a0f9db0d5a,True,False,19.37018493,17.82554497,15.65567245,20.27810476,15.01325869,21.13173159,0.07885758643
loc205_o2015_h5,205,Côte d'Ivoire,2015,2020,5,Q1,test_temporal_seen_country,daly,extra_trees,94a0f9db0d5a,True,False,19.90835564,17.92632035,15.74483225,20.39200898,15.09897957,21.25020538,0.09959530619
loc205_o2016_h5,205,Côte d'Ivoire,2016,2021,5,Q1,test_temporal_seen_country,daly,extra_trees,94a0f9db0d5a,True,False,20.14868676,18.86574619,16.57597787,21.45382162,15.89806768,22.35461541,0.06258086002
loc205_o2017_h5,205,Côte d'Ivoire,2017,2022,5,Q1,test_temporal_seen_country,daly,extra_trees,94a0f9db0d5a,True,False,23.27906643,19.7067757,17.32006851,22.40441901,16.61345855,23.34334851,0.1591535402
loc205_o2018_h5,205,Côte d'Ivoire,2018,2023,5,Q1,test_temporal_seen_country,daly,extra_trees,94a0f9db0d5a,True,False,26.17034989,20.98828379,18.45386724,23.85287978,17.70352636,24.84991807,0.2116165448
loc206_o2014_h5,206,Gambia,2014,2019,5,Q1,test_temporal_seen_country,daly,extra_trees,94a0f9db0d5a,True,False,52.87436026,40.84356767,36.02058871,46.29487608,34.59269465,48.19223376,0.2527165883
loc206_o2015_h5,206,Gambia,2015,2020,5,Q1,test_temporal_seen_country,daly,extra_trees,94a0f9db0d5a,True,False,53.41639577,38.95638169,34.35092381,44.16183074,32.98742918,45.97361572,0.3088770998
loc206_o2016_h5,206,Gambia,2016,2021,5,Q1,test_temporal_seen_country,daly,extra_trees,94a0f9db0d5a,True,False,57.82730561,41.27261267,36.40018106,46.77981633,34.95764603,48.69662865,0.3304667064
loc206_o2017_h5,206,Gambia,2017,2022,5,Q1,test_temporal_seen_country,daly,extra_trees,94a0f9db0d5a,True,False,64.1243614,44.91619161,39.62379332,50.8980745,38.05692269,52.98010153,0.349480881
loc206_o2018_h5,206,Gambia,2018,2023,5,Q1,test_temporal_seen_country,daly,extra_trees,94a0f9db0d5a,True,False,70.56832667,46.97123222,41.44196555,53.22084228,39.80496754,55.39605321,0.4000511086
loc207_o2014_h5,207,Ghana,2014,2019,5,Q2,test_temporal_seen_country,daly,extra_trees,94a0f9db0d5a,True,False,18.18971684,16.82347913,14.76910686,19.1454915,14.16088817,19.95368059,0.07385791386
loc207_o2015_h5,207,Ghana,2015,2020,5,Q2,test_temporal_seen_country,daly,extra_trees,94a0f9db0d5a,True,False,18.71611316,16.92085116,14.85525558,19.25554899,14.24371411,20.06815332,0.09547132444
loc207_o2016_h5,207,Ghana,2016,2021,5,Q2,test_temporal_seen_country,daly,extra_trees,94a0f9db0d5a,True,False,19.41402399,17.4771552,15.34743883,19.88432737,14.71691373,20.72215679,0.09968700047
loc207_o2017_h5,207,Ghana,2017,2022,5,Q2,test_temporal_seen_country,daly,extra_trees,94a0f9db0d5a,True,False,21.58779888,17.94895096,15.76485441,20.41758787,15.11822947,21.27681044,0.1756613164
loc207_o2018_h5,207,Ghana,2018,2023,5,Q2,test_temporal_seen_country,daly,extra_trees,94a0f9db0d5a,True,False,25.18961089,18.7226048,16.44933525,21.29203201,15.7763097,22.18633519,0.2835973716
loc208_o2014_h5,208,Guinea,2014,2019,5,Q1,test_temporal_seen_country,daly,extra_trees,94a0f9db0d5a,True,False,38.5809723,35.34450675,31.15536129,40.07940691,29.91512036,41.72741478,0.08530543379
loc208_o2015_h5,208,Guinea,2015,2020,5,Q1,test_temporal_seen_country,daly,extra_trees,94a0f9db0d5a,True,False,39.52387068,35.52043439,31.31101114,40.27825411,30.06476676,41.93423926,0.1040192495
loc208_o2016_h5,208,Guinea,2016,2021,5,Q1,test_temporal_seen_country,daly,extra_trees,94a0f9db0d5a,True,False,41.68887,36.32229277,32.02044561,41.18457723,30.74683815,42.8769219,0.1343474209
loc208_o2017_h5,208,Guinea,2017,2022,5,Q1,test_temporal_seen_country,daly,extra_trees,94a0f9db0d5a,True,False,49.56303097,37.16137989,32.76281776,42.13297918,31.4605768,43.86337148,0.2813966892
loc208_o2018_h5,208,Guinea,2018,2023,5,Q1,test_temporal_seen_country,daly,extra_trees,94a0f9db0d5a,True,False,55.34961114,38.00071858,33.50541247,43.08166547,32.17452944,44.8501168,0.3679952687
loc209_o2014_h5,209,Guinea-Bissau,2014,2019,5,Q1,test_temporal_seen_country,daly,extra_trees,94a0f9db0d5a,True,False,24.80349003,23.14876677,20.36532835,26.29482679,19.54126189,27.38983017,0.06627644171
loc209_o2015_h5,209,Guinea-Bissau,2015,2020,5,Q1,test_temporal_seen_country,daly,extra_trees,94a0f9db0d5a,True,False,24.88652121,23.06001517,20.28680644,26.19451279,19.4657686,27.28549181,0.0731710756
loc209_o2016_h5,209,Guinea-Bissau,2016,2021,5,Q1,test_temporal_seen_country,daly,extra_trees,94a0f9db0d5a,True,False,24.56999914,23.63270404,20.79348597,26.84181058,19.95290536,27.95875765,0.03734476296
loc209_o2017_h5,209,Guinea-Bissau,2017,2022,5,Q1,test_temporal_seen_country,daly,extra_trees,94a0f9db0d5a,True,False,28.66037316,24.19902422,21.29453088,27.48190999,20.43462483,28.62453632,0.1630066454
loc209_o2018_h5,209,Guinea-Bissau,2018,2023,5,Q1,test_temporal_seen_country,daly,extra_trees,94a0f9db0d5a,True,False,30.94011213,24.48415641,21.54679813,27.80418871,20.67716206,28.95974409,0.2258057115
loc210_o2014_h5,210,Liberia,2014,2019,5,Q1,test_temporal_seen_country,daly,extra_trees,94a0f9db0d5a,True,False,71.26194903,65.01188034,57.40321005,73.61179518,55.15058254,76.60504252,0.09046296683
loc210_o2015_h5,210,Liberia,2015,2020,5,Q1,test_temporal_seen_country,daly,extra_trees,94a0f9db0d5a,True,False,77.40587924,63.39201446,55.97005337,71.78089595,53.7727031,74.70069198,0.1969092885
loc210_o2016_h5,210,Liberia,2016,2021,5,Q1,test_temporal_seen_country,daly,extra_trees,94a0f9db0d5a,True,False,89.7679386,61.72650552,54.49651455,69.89840735,52.35599907,72.74268243,0.3695220302
loc210_o2017_h5,210,Liberia,2017,2022,5,Q1,test_temporal_seen_country,daly,extra_trees,94a0f9db0d5a,True,False,85.72549217,61.02253212,53.87368263,69.1027215,51.75718994,71.91507556,0.3352501276
loc210_o2018_h5,210,Liberia,2018,2023,5,Q1,test_temporal_seen_country,daly,extra_trees,94a0f9db0d5a,True,False,91.69000636,60.18548644,53.13311661,68.15662693,51.04518776,70.93102593,0.4153506489
loc211_o2014_h5,211,Mali,2014,2019,5,Q1,test_temporal_seen_country,daly,extra_trees,94a0f9db0d5a,True,False,28.61510622,26.44423745,23.28095604,30.01962576,22.34443304,31.26405919,0.07612835931
loc211_o2015_h5,211,Mali,2015,2020,5,Q1,test_temporal_seen_country,daly,extra_trees,94a0f9db0d5a,True,False,28.28216531,26.10990235,22.98515712,29.64173405,22.06004316,30.87100737,0.07707957643
loc211_o2016_h5,211,Mali,2016,2021,5,Q1,test_temporal_seen_country,daly,extra_trees,94a0f9db0d5a,True,False,30.34580273,26.82202598,23.61519985,30.44663193,22.66578498,31.70819583,0.1192523654
loc211_o2017_h5,211,Mali,2017,2022,5,Q1,test_temporal_seen_country,daly,extra_trees,94a0f9db0d5a,True,False,33.33699948,27.57292125,24.27954533,31.29535254,23.30450647,32.5909651,0.1837640152
loc211_o2018_h5,211,Mali,2018,2023,5,Q1,test_temporal_seen_country,daly,extra_trees,94a0f9db0d5a,True,False,36.41818907,28.18757246,24.82335053,31.99007947,23.82733696,33.31356281,0.2484139069
loc212_o2014_h5,212,Mauritania,2014,2019,5,Q2,test_temporal_seen_country,daly,extra_trees,94a0f9db0d5a,True,False,64.81178415,59.08107428,52.15600136,66.90833386,50.10576011,69.63265432,0.09110402453
loc212_o2015_h5,212,Mauritania,2015,2020,5,Q2,test_temporal_seen_country,daly,extra_trees,94a0f9db0d5a,True,False,63.94347509,57.86306214,51.0783799,65.53164117,49.06970279,68.200732,0.09830351212
loc212_o2016_h5,212,Mauritania,2016,2021,5,Q2,test_temporal_seen_country,daly,extra_trees,94a0f9db0d5a,True,False,69.49605645,57.08530078,50.39026498,64.65255439,48.40812864,67.28637836,0.1936441382
loc212_o2017_h5,212,Mauritania,2017,2022,5,Q2,test_temporal_seen_country,daly,extra_trees,94a0f9db0d5a,True,False,78.06114486,56.80689187,50.14394607,64.33787485,48.17131033,66.95907462,0.3131135336
loc212_o2018_h5,212,Mauritania,2018,2023,5,Q2,test_temporal_seen_country,daly,extra_trees,94a0f9db0d5a,True,False,87.52490234,56.28995439,49.68659191,63.75359163,47.73159643,66.35135135,0.4351586026
loc214_o2014_h5,214,Nigeria,2014,2019,5,Q2,test_temporal_seen_country,daly,extra_trees,94a0f9db0d5a,True,False,33.76188749,34.85161282,30.71927937,39.5222996,29.49585824,41.14795765,0.03086695432
loc214_o2015_h5,214,Nigeria,2015,2020,5,Q2,test_temporal_seen_country,daly,extra_trees,94a0f9db0d5a,True,False,34.60690703,35.40853393,31.21200856,40.15177544,29.96958273,41.80268657,0.02226355915
loc214_o2016_h5,214,Nigeria,2016,2021,5,Q2,test_temporal_seen_country,daly,extra_trees,94a0f9db0d5a,True,False,35.53497435,34.87058954,30.73606879,39.54374858,29.51200009,41.17026711,0.01835227635
loc214_o2017_h5,214,Nigeria,2017,2022,5,Q2,test_temporal_seen_country,daly,extra_trees,94a0f9db0d5a,True,False,38.7487101,35.16983429,31.00082195,39.88197842,29.76654165,41.52206593,0.09435192594
loc214_o2018_h5,214,Nigeria,2018,2023,5,Q2,test_temporal_seen_country,daly,extra_trees,94a0f9db0d5a,True,False,42.67553125,35.32253846,31.13592511,40.05457663,29.89643384,41.70158836,0.184349577
loc215_o2014_h5,215,Sao Tome and Principe,2014,2019,5,Q2,test_temporal_seen_country,daly,extra_trees,94a0f9db0d5a,True,False,40.50248238,38.74269986,34.16187141,43.92031081,32.80566858,45.72240659,0.04332706872
loc215_o2015_h5,215,Sao Tome and Principe,2015,2020,5,Q2,test_temporal_seen_country,daly,extra_trees,94a0f9db0d5a,True,False,44.94311703,38.64396207,34.07451435,43.80870963,32.7216809,45.60632823,0.1474653891
loc215_o2016_h5,215,Sao Tome and Principe,2016,2021,5,Q2,test_temporal_seen_country,daly,extra_trees,94a0f9db0d5a,True,False,46.15278889,39.08398579,34.46382,44.30605889,33.09597093,46.12362996,0.1624162588
loc215_o2017_h5,215,Sao Tome and Principe,2017,2022,5,Q2,test_temporal_seen_country,daly,extra_trees,94a0f9db0d5a,True,False,44.36083888,39.63170292,34.94840607,44.92513166,33.56186639,46.76753846,0.110100531
loc215_o2018_h5,215,Sao Tome and Principe,2018,2023,5,Q2,test_temporal_seen_country,daly,extra_trees,94a0f9db0d5a,True,False,47.46818465,40.12549415,35.38528187,45.48325317,33.98189177,47.34805047,0.1642793713
loc216_o2014_h5,216,Senegal,2014,2019,5,Q1,test_temporal_seen_country,daly,extra_trees,94a0f9db0d5a,True,False,13.10965779,12.62991594,11.05890273,14.40559807,10.59378761,15.02363394,0.03459243383
loc216_o2015_h5,216,Senegal,2015,2020,5,Q1,test_temporal_seen_country,daly,extra_trees,94a0f9db0d5a,True,False,12.60771466,12.79187427,11.20219339,14.58865605,10.73155151,15.21403577,0.01344271115
loc216_o2016_h5,216,Senegal,2016,2021,5,Q1,test_temporal_seen_country,daly,extra_trees,94a0f9db0d5a,True,False,12.96927692,13.22013573,11.58109252,15.07271068,11.0958364,15.71750952,0.01779855677
loc216_o2017_h5,216,Senegal,2017,2022,5,Q1,test_temporal_seen_country,daly,extra_trees,94a0f9db0d5a,True,False,15.92316884,13.51959131,11.84603221,15.41117882,11.35055729,16.06955619,0.1531847585
loc216_o2018_h5,216,Senegal,2018,2023,5,Q1,test_temporal_seen_country,daly,extra_trees,94a0f9db0d5a,True,False,19.19078143,13.61192325,11.92772177,15.51553961,11.42909607,16.17810369,0.3233882791
loc217_o2014_h5,217,Sierra Leone,2014,2019,5,Q1,test_temporal_seen_country,daly,extra_trees,94a0f9db0d5a,True,False,17.28850719,15.42514623,13.5319488,17.56498618,12.97144763,18.30976917,0.1074593728
loc217_o2015_h5,217,Sierra Leone,2015,2020,5,Q1,test_temporal_seen_country,daly,extra_trees,94a0f9db0d5a,True,False,17.77553343,15.07043505,13.21812239,17.16406383,12.66972558,17.89276277,0.1555733575
loc217_o2016_h5,217,Sierra Leone,2016,2021,5,Q1,test_temporal_seen_country,daly,extra_trees,94a0f9db0d5a,True,False,18.25941246,15.19029139,13.32416383,17.29953486,12.77167699,18.03366857,0.1735881345
loc217_o2017_h5,217,Sierra Leone,2017,2022,5,Q1,test_temporal_seen_country,daly,extra_trees,94a0f9db0d5a,True,False,20.04630364,15.82325266,13.88416863,18.01495723,13.31008225,18.77779199,0.2239629293
loc217_o2018_h5,217,Sierra Leone,2018,2023,5,Q1,test_temporal_seen_country,daly,extra_trees,94a0f9db0d5a,True,False,24.58143141,16.52832184,14.50797004,18.81188163,13.90982347,19.60668709,0.3780487889
loc218_o2014_h5,218,Togo,2014,2019,5,Q1,test_temporal_seen_country,daly,extra_trees,94a0f9db0d5a,True,False,20.34277018,17.67450185,15.52203889,20.10738401,14.88477941,20.95416193,0.1335539929
loc218_o2015_h5,218,Togo,2015,2020,5,Q1,test_temporal_seen_country,daly,extra_trees,94a0f9db0d5a,True,False,21.10366459,17.94339396,15.75993792,20.41130692,15.11350261,21.27027751,0.1542881461
loc218_o2016_h5,218,Togo,2016,2021,5,Q1,test_temporal_seen_country,daly,extra_trees,94a0f9db0d5a,True,False,23.25744108,18.81288617,16.5292106,21.39407508,15.85310424,22.29247199,0.2023908765
loc218_o2017_h5,218,Togo,2017,2022,5,Q1,test_temporal_seen_country,daly,extra_trees,94a0f9db0d5a,True,False,27.3850952,20.41501668,17.94667613,23.20492842,17.21589774,24.17597244,0.2817718006
loc218_o2018_h5,218,Togo,2018,2023,5,Q1,test_temporal_seen_country,daly,extra_trees,94a0f9db0d5a,True,False,30.33521356,21.0310565,18.49170988,23.90122485,17.73990939,24.90020263,0.352289382
loc305_o2014_h5,305,Bermuda,2014,2019,5,Q4,test_temporal_seen_country,daly,extra_trees,94a0f9db0d5a,True,False,5.486457415,5.223121183,4.505830947,6.033858765,4.293469567,6.316040409,0.04144495005
loc305_o2015_h5,305,Bermuda,2015,2020,5,Q4,test_temporal_seen_country,daly,extra_trees,94a0f9db0d5a,True,False,6.021912748,5.475451487,4.729077121,6.319062229,4.508105077,6.612685557,0.08101731924
loc305_o2016_h5,305,Bermuda,2016,2021,5,Q4,test_temporal_seen_country,daly,extra_trees,94a0f9db0d5a,True,False,6.438216726,5.7052224,4.932364148,6.578767303,4.703551268,6.88280938,0.1037444472
loc305_o2017_h5,305,Bermuda,2017,2022,5,Q4,test_temporal_seen_country,daly,extra_trees,94a0f9db0d5a,True,False,6.803858952,5.657065339,4.889757772,6.524336422,4.662588232,6.826194861,0.1589396012
loc305_o2018_h5,305,Bermuda,2018,2023,5,Q4,test_temporal_seen_country,daly,extra_trees,94a0f9db0d5a,True,False,7.254833649,5.973717206,5.169911669,6.882241153,4.931936518,7.198457877,0.1686505279
loc320_o2014_h5,320,Cook Islands,2014,2019,5,Q4,test_temporal_seen_country,daly,extra_trees,94a0f9db0d5a,True,False,114.9233498,112.48866,99.40771472,127.2737685,95.53496218,132.4198063,0.02122627504
loc320_o2015_h5,320,Cook Islands,2015,2020,5,Q4,test_temporal_seen_country,daly,extra_trees,94a0f9db0d5a,True,False,117.8483554,112.3588024,99.29282473,127.1269932,95.42450353,132.2671427,0.04729032577
loc320_o2016_h5,320,Cook Islands,2016,2021,5,Q4,test_temporal_seen_country,daly,extra_trees,94a0f9db0d5a,True,False,130.0708028,112.2374803,99.18548652,126.9898655,95.32130538,132.1245138,0.1462504473
loc320_o2017_h5,320,Cook Islands,2017,2022,5,Q4,test_temporal_seen_country,daly,extra_trees,94a0f9db0d5a,True,False,125.5405943,111.1043862,98.18299522,125.7091538,94.35748044,130.792423,0.1211327037
loc320_o2018_h5,320,Cook Islands,2018,2023,5,Q4,test_temporal_seen_country,daly,extra_trees,94a0f9db0d5a,True,False,134.2307298,110.2116365,97.39314576,124.7000982,93.59809568,129.7428865,0.1955474085
loc349_o2014_h5,349,Greenland,2014,2019,5,Q5,test_temporal_seen_country,daly,extra_trees,94a0f9db0d5a,True,False,27.39250807,28.68554881,25.26392906,32.55293132,24.25092226,33.89899494,0.04453504518
loc349_o2015_h5,349,Greenland,2015,2020,5,Q5,test_temporal_seen_country,daly,extra_trees,94a0f9db0d5a,True,False,29.31667232,29.36455737,25.86467365,33.32039996,24.82849597,34.69725258,0.001578249663
loc349_o2016_h5,349,Greenland,2016,2021,5,Q5,test_temporal_seen_country,daly,extra_trees,94a0f9db0d5a,True,False,29.60809812,29.54533365,26.02461326,33.52472746,24.98226667,34.90977721,0.002052689294
loc349_o2017_h5,349,Greenland,2017,2022,5,Q5,test_temporal_seen_country,daly,extra_trees,94a0f9db0d5a,True,False,27.07804699,29.65872532,26.12493517,33.6528916,25.07871913,35.043083,0.08792927265
loc349_o2018_h5,349,Greenland,2018,2023,5,Q5,test_temporal_seen_country,daly,extra_trees,94a0f9db0d5a,True,False,25.57982337,29.25765232,25.7700907,33.1995675,24.73756111,34.57157262,0.1295967139
loc351_o2014_h5,351,Guam,2014,2019,5,Q4,test_temporal_seen_country,daly,extra_trees,94a0f9db0d5a,True,False,49.45349151,39.35173073,34.70070408,44.60868518,33.32371833,46.43839689,0.2234176651
loc351_o2015_h5,351,Guam,2015,2020,5,Q4,test_temporal_seen_country,daly,extra_trees,94a0f9db0d5a,True,False,53.30392396,39.15863467,34.52986468,44.39043289,33.15946825,46.21138884,0.3017590114
loc351_o2016_h5,351,Guam,2016,2021,5,Q4,test_temporal_seen_country,daly,extra_trees,94a0f9db0d5a,True,False,53.8942476,42.13091692,37.15955533,47.74993899,35.68773103,49.70567032,0.2411684936
loc351_o2017_h5,351,Guam,2017,2022,5,Q4,test_temporal_seen_country,daly,extra_trees,94a0f9db0d5a,True,False,42.57699809,41.41402917,36.5252976,46.93965633,35.07793678,48.86288105,0.02705026012
loc351_o2018_h5,351,Guam,2018,2023,5,Q4,test_temporal_seen_country,daly,extra_trees,94a0f9db0d5a,True,False,43.03947338,36.68140714,32.33816769,41.5904764,31.0523056,43.29910477,0.1559195605
loc367_o2014_h5,367,Monaco,2014,2019,5,Q5,test_temporal_seen_country,daly,extra_trees,94a0f9db0d5a,True,False,42.06004734,42.64469883,37.61411765,48.33065553,36.12476075,50.30968383,0.01348623659
loc367_o2015_h5,367,Monaco,2015,2020,5,Q5,test_temporal_seen_country,daly,extra_trees,94a0f9db0d5a,True,False,43.23005869,43.11123791,38.02688243,48.85797452,36.52160509,50.8581576,0.002690040919
loc367_o2016_h5,367,Monaco,2016,2021,5,Q5,test_temporal_seen_country,daly,extra_trees,94a0f9db0d5a,True,False,45.15500209,42.95235084,37.88630902,48.67838791,36.38645363,50.6713664,0.04889923113
loc367_o2017_h5,367,Monaco,2017,2022,5,Q5,test_temporal_seen_country,daly,extra_trees,94a0f9db0d5a,True,False,46.63820951,42.23152761,37.24856942,47.86365706,35.77331182,49.82395049,0.0970651253
loc367_o2018_h5,367,Monaco,2018,2023,5,Q5,test_temporal_seen_country,daly,extra_trees,94a0f9db0d5a,True,False,47.5789665,41.98642478,37.03171766,47.58662266,35.56482409,49.53580213,0.122306286
loc374_o2014_h5,374,Niue,2014,2019,5,Q4,test_temporal_seen_country,daly,extra_trees,94a0f9db0d5a,True,False,54.20005662,54.87179899,48.43189613,62.15068138,46.52529461,64.68413617,0.0120957835
loc374_o2015_h5,374,Niue,2015,2020,5,Q4,test_temporal_seen_country,daly,extra_trees,94a0f9db0d5a,True,False,49.09081839,54.35922788,47.97840506,61.57133338,46.08929481,64.0815461,0.1000056382
loc374_o2016_h5,374,Niue,2016,2021,5,Q4,test_temporal_seen_country,daly,extra_trees,94a0f9db0d5a,True,False,51.97797036,54.2991639,47.92526418,61.50344437,46.03820359,64.01093355,0.04288161553
loc374_o2017_h5,374,Niue,2017,2022,5,Q4,test_temporal_seen_country,daly,extra_trees,94a0f9db0d5a,True,False,54.64564981,54.46069051,48.06817289,61.68601439,46.17560028,64.20082785,0.003329413294
loc374_o2018_h5,374,Niue,2018,2023,5,Q4,test_temporal_seen_country,daly,extra_trees,94a0f9db0d5a,True,False,59.10695879,54.5989366,48.19048445,61.84227095,46.29319424,64.36335304,0.0779615465
loc376_o2014_h5,376,Northern Mariana Islands,2014,2019,5,Q4,test_temporal_seen_country,daly,extra_trees,94a0f9db0d5a,True,False,52.92176201,50.56766292,44.62386397,57.28580982,42.86413927,59.62409755,0.04463935598
loc376_o2015_h5,376,Northern Mariana Islands,2015,2020,5,Q4,test_temporal_seen_country,daly,extra_trees,94a0f9db0d5a,True,False,56.76993428,50.1664542,44.26889943,56.83233232,42.52286581,59.15242762,0.1213843462
loc376_o2016_h5,376,Northern Mariana Islands,2016,2021,5,Q4,test_temporal_seen_country,daly,extra_trees,94a0f9db0d5a,True,False,61.60356614,49.78509133,43.93149326,56.40128615,42.19847349,58.7040889,0.2092194099
loc376_o2017_h5,376,Northern Mariana Islands,2017,2022,5,Q4,test_temporal_seen_country,daly,extra_trees,94a0f9db0d5a,True,False,57.38433563,50.49832526,44.56251832,57.20743897,42.80515974,59.54258266,0.1254983404
loc376_o2018_h5,376,Northern Mariana Islands,2018,2023,5,Q4,test_temporal_seen_country,daly,extra_trees,94a0f9db0d5a,True,False,58.17377873,51.29586072,45.26812814,58.10887599,43.48355401,60.48018318,0.1235612938
loc380_o2014_h5,380,Palau,2014,2019,5,Q4,test_temporal_seen_country,daly,extra_trees,94a0f9db0d5a,True,False,40.06253794,41.6400696,36.72528413,47.19514492,35.27020978,49.12861924,0.03769819203
loc380_o2015_h5,380,Palau,2015,2020,5,Q4,test_temporal_seen_country,daly,extra_trees,94a0f9db0d5a,True,False,41.63332423,41.76230539,36.83343076,47.33330538,35.37418516,49.27232236,0.003020793049
loc380_o2016_h5,380,Palau,2016,2021,5,Q4,test_temporal_seen_country,daly,extra_trees,94a0f9db0d5a,True,False,45.97120186,41.73599407,36.81015213,47.30356626,35.3518044,49.24139019,0.09449316987
loc380_o2017_h5,380,Palau,2017,2022,5,Q4,test_temporal_seen_country,daly,extra_trees,94a0f9db0d5a,True,False,43.88160353,41.5504648,36.64600736,47.09386656,35.19399074,49.02327782,0.05333721143
loc380_o2018_h5,380,Palau,2018,2023,5,Q4,test_temporal_seen_country,daly,extra_trees,94a0f9db0d5a,True,False,45.01806346,42.21843177,37.23698304,47.84885513,35.76217233,49.80855474,0.06276693775
loc393_o2014_h5,393,Saint Kitts and Nevis,2014,2019,5,Q4,test_temporal_seen_country,daly,extra_trees,94a0f9db0d5a,True,False,11.98579862,10.63536522,9.294248181,12.1512007,8.897196262,12.67879552,0.1098071602
loc393_o2015_h5,393,Saint Kitts and Nevis,2015,2020,5,Q4,test_temporal_seen_country,daly,extra_trees,94a0f9db0d5a,True,False,12.73743366,10.89954683,9.527979653,12.44979944,9.121912649,12.98937332,0.1436241724
loc393_o2016_h5,393,Saint Kitts and Nevis,2016,2021,5,Q4,test_temporal_seen_country,daly,extra_trees,94a0f9db0d5a,True,False,13.40490027,11.17896171,9.775188579,12.76561601,9.359586659,13.31785971,0.1678584319
loc393_o2017_h5,393,Saint Kitts and Nevis,2017,2022,5,Q4,test_temporal_seen_country,daly,extra_trees,94a0f9db0d5a,True,False,13.17713521,11.5414983,10.09593843,13.17538325,9.6679651,13.74406583,0.1225874601
loc393_o2018_h5,393,Saint Kitts and Nevis,2018,2023,5,Q4,test_temporal_seen_country,daly,extra_trees,94a0f9db0d5a,True,False,13.97871811,11.69859491,10.23492775,13.35294613,9.801593563,13.92875211,0.1651390507
loc396_o2014_h5,396,San Marino,2014,2019,5,Q5,test_temporal_seen_country,daly,extra_trees,94a0f9db0d5a,True,False,5.754029665,6.010929167,5.2028345,6.924301025,4.963589506,7.24220509,0.03733092681
loc396_o2015_h5,396,San Marino,2015,2020,5,Q5,test_temporal_seen_country,daly,extra_trees,94a0f9db0d5a,True,False,5.539938642,6.172042245,5.34537734,7.106403639,5.100634431,7.431613227,0.09226266249
loc396_o2016_h5,396,San Marino,2016,2021,5,Q5,test_temporal_seen_country,daly,extra_trees,94a0f9db0d5a,True,False,5.72938859,6.278528329,5.439589611,7.226762548,5.191212909,7.556800648,0.07844439805
loc396_o2017_h5,396,San Marino,2017,2022,5,Q5,test_temporal_seen_country,daly,extra_trees,94a0f9db0d5a,True,False,6.475824902,6.365469187,5.51650948,7.325029912,5.265165958,7.659010265,0.01487171506
loc396_o2018_h5,396,San Marino,2018,2023,5,Q5,test_temporal_seen_country,daly,extra_trees,94a0f9db0d5a,True,False,7.26911967,6.437345347,5.58010104,7.406269975,5.326304775,7.743509486,0.1060140778
loc413_o2014_h5,413,Tokelau,2014,2019,5,Q4,test_temporal_seen_country,daly,extra_trees,94a0f9db0d5a,True,False,44.91122133,46.70123502,41.20308881,52.91567031,39.57530433,55.07863847,0.03824772836
loc413_o2015_h5,413,Tokelau,2015,2020,5,Q4,test_temporal_seen_country,daly,extra_trees,94a0f9db0d5a,True,False,39.2700998,46.88022501,41.36144803,53.11797881,39.7275556,55.2890631,0.1730933271
loc413_o2016_h5,413,Tokelau,2016,2021,5,Q4,test_temporal_seen_country,daly,extra_trees,94a0f9db0d5a,True,False,42.52748774,47.25828183,41.69592921,53.54528823,40.04913575,55.73351515,0.1031748166
loc413_o2017_h5,413,Tokelau,2017,2022,5,Q4,test_temporal_seen_country,daly,extra_trees,94a0f9db0d5a,True,False,46.32954705,47.23624435,41.67643183,53.52037975,40.03039038,55.7076074,0.01897592222
loc413_o2018_h5,413,Tokelau,2018,2023,5,Q4,test_temporal_seen_country,daly,extra_trees,94a0f9db0d5a,True,False,49.80543586,47.07546349,41.53418291,53.33865263,39.89362805,55.51858983,0.05523142151
loc416_o2014_h5,416,Tuvalu,2014,2019,5,Q2,test_temporal_seen_country,daly,extra_trees,94a0f9db0d5a,True,False,82.30771921,82.87682205,73.20900043,93.80415093,70.34673934,97.60746745,0.006808105996
loc416_o2015_h5,416,Tuvalu,2015,2020,5,Q2,test_temporal_seen_country,daly,extra_trees,94a0f9db0d5a,True,False,83.77387146,83.97005352,74.1762237,95.03980673,71.27665655,98.89269481,0.002311507085
loc416_o2016_h5,416,Tuvalu,2016,2021,5,Q2,test_temporal_seen_country,daly,extra_trees,94a0f9db0d5a,True,False,91.67873587,85.87041723,75.85754743,97.18774657,72.89313117,101.1268049,0.06472150858
loc416_o2017_h5,416,Tuvalu,2017,2022,5,Q2,test_temporal_seen_country,daly,extra_trees,94a0f9db0d5a,True,False,87.61848598,88.97130014,78.60101596,100.6926072,75.53078338,104.7722722,0.01515025085
loc416_o2018_h5,416,Tuvalu,2018,2023,5,Q2,test_temporal_seen_country,daly,extra_trees,94a0f9db0d5a,True,False,92.96144517,91.31572011,80.67521308,103.3424542,77.52497816,107.5284247,0.01767009796
loc422_o2014_h5,422,United States Virgin Islands,2014,2019,5,Q4,test_temporal_seen_country,daly,extra_trees,94a0f9db0d5a,True,False,8.119624265,8.693538033,7.57624014,9.956395585,7.245452253,10.39594006,0.06103087714
loc422_o2015_h5,422,United States Virgin Islands,2015,2020,5,Q4,test_temporal_seen_country,daly,extra_trees,94a0f9db0d5a,True,False,8.094430082,8.756687263,7.632110654,10.02777179,7.299167826,10.4701797,0.07029077583
loc422_o2016_h5,422,United States Virgin Islands,2016,2021,5,Q4,test_temporal_seen_country,daly,extra_trees,94a0f9db0d5a,True,False,8.756648109,8.934166983,7.789133683,10.22837326,7.450134435,10.67882883,0.01803111573
loc422_o2017_h5,422,United States Virgin Islands,2017,2022,5,Q4,test_temporal_seen_country,daly,extra_trees,94a0f9db0d5a,True,False,11.10363416,8.803424875,7.67346119,10.0805983,7.338923461,10.52512548,0.2107739497
loc422_o2018_h5,422,United States Virgin Islands,2018,2023,5,Q4,test_temporal_seen_country,daly,extra_trees,94a0f9db0d5a,True,False,11.9852124,8.754430835,7.630114307,10.0252214,7.297248479,10.46752699,0.2860895756
loc435_o2014_h5,435,South Sudan,2014,2019,5,Q1,test_temporal_seen_country,daly,extra_trees,94a0f9db0d5a,True,False,10.22974086,9.498569407,8.288481878,10.86630507,7.930222636,11.34235294,0.06732669198
loc435_o2015_h5,435,South Sudan,2015,2020,5,Q1,test_temporal_seen_country,daly,extra_trees,94a0f9db0d5a,True,False,10.60857367,9.498909118,8.288782434,10.86668904,7.930511599,11.34275231,0.100472576
loc435_o2016_h5,435,South Sudan,2016,2021,5,Q1,test_temporal_seen_country,daly,extra_trees,94a0f9db0d5a,True,False,10.78628857,9.724090863,8.48800925,11.12120707,8.122054183,11.607481,0.09444417703
loc435_o2017_h5,435,South Sudan,2017,2022,5,Q1,test_temporal_seen_country,daly,extra_trees,94a0f9db0d5a,True,False,13.19251336,9.82587409,8.578060725,11.23625045,8.208632349,11.72713964,0.2707755792
loc435_o2018_h5,435,South Sudan,2018,2023,5,Q1,test_temporal_seen_country,daly,extra_trees,94a0f9db0d5a,True,False,15.04180409,10.25782353,8.960222754,11.72447353,8.576054286,12.23494907,0.3541347585
loc522_o2014_h5,522,Sudan,2014,2019,5,Q2,test_temporal_seen_country,daly,extra_trees,94a0f9db0d5a,True,False,22.61286229,21.80104657,19.17294925,24.7715279,18.39487318,25.80542016,0.03498513879
loc522_o2015_h5,522,Sudan,2015,2020,5,Q2,test_temporal_seen_country,daly,extra_trees,94a0f9db0d5a,True,False,24.40650728,21.9142127,19.27307162,24.89943713,18.49113379,25.93846081,0.1032479733
loc522_o2016_h5,522,Sudan,2016,2021,5,Q2,test_temporal_seen_country,daly,extra_trees,94a0f9db0d5a,True,False,25.40475539,22.06960603,19.41055398,25.07507484,18.62331343,26.12114468,0.1350281274
loc522_o2017_h5,522,Sudan,2017,2022,5,Q2,test_temporal_seen_country,daly,extra_trees,94a0f9db0d5a,True,False,26.78070106,23.211391,20.42073437,26.3656096,19.59453089,27.46345262,0.1375183481
loc522_o2018_h5,522,Sudan,2018,2023,5,Q2,test_temporal_seen_country,daly,extra_trees,94a0f9db0d5a,True,False,29.14829242,23.82876159,20.96694551,27.06341018,20.11967452,28.18924729,0.1941255625
